pathway	description	barcode01	barcode02	barcode03	barcode04	barcode05	barcode06	barcode07	barcode08	barcode09	barcode10	barcode11	barcode12	barcode13	barcode14	barcode15	barcode16	barcode17	barcode18	barcode19	barcode20
1CMET2-PWY	folate transformations III (E. coli)	12915.74158675496	385.4500092798168	81.80768732201079	2062.8108923785308	726.8559739515957	15041.487813944976	10868.695296336018	12050.660135716049	9815.471225915182	6624.682522660078	122239.67858537313	91295.11022773632	84208.09879305735	76516.46317227479	54363.135332832826	83442.37035231732	47509.082865452285	96754.05380082036	116797.5556927971	167734.39177311322
3-HYDROXYPHENYLACETATE-DEGRADATION-PWY	4-hydroxyphenylacetate degradation	0.0	0.0	0.0	0.0	0.0	5773.995590676779	3937.3345864635135	4418.768838931661	3554.724521591556	2474.6404792934463	0.0	0.0	0.0	0.0	0.0	4182.981764275658	173.89176744263372	0.0	0.0	0.0
ALLANTOINDEG-PWY	superpathway of allantoin degradation in yeast	0.0	0.0	3.08	0.0	0.0	85.67855119048473	79.44698648363557	86.9409637741893	74.85642347552205	52.70187599270204	166.38577574318177	204.8109845647773	208.8032818912565	341.4480139411305	203.40405959795905	78.415468122598	181.47336867099992	0.0	23.00251400024654	0.0
ANAEROFRUCAT-PWY	homolactic fermentation	14336.524101891648	1032.143607934031	57.23442027198109	2825.5902988408134	930.7965640125328	83915.87054367797	88665.70861689573	90571.69099432384	79790.94369791386	43308.17319713743	103177.86979442104	81404.92288714235	75345.32212738313	59873.49302042478	43620.345918117	20590.007185664264	2430.957106640984	28750.124019571253	49051.58294455989	675.8490733933734
ANAGLYCOLYSIS-PWY	glycolysis III (from glucose)	26411.31484759847	3846.7446308097856	286.6997860311237	6243.487761979734	2015.241139939385	87026.1342760504	92955.50404026336	93866.62710890317	83784.7366373529	45878.91390411863	129024.00271439986	95464.36348990344	88936.80389745321	73071.44881327324	52274.19473194691	28792.723210253866	3595.179314923394	39714.94627688336	64795.40764425494	1012.451173432824
ARG+POLYAMINE-SYN	superpathway of arginine and polyamine biosynthesis	4365.618480438446	281.0745211287801	30.35797547311941	460.7353679063205	238.2099766258874	40450.82951726475	44204.92305215534	43952.02515048708	39737.76298546344	19647.000803578507	41064.0178598728	43285.24539543576	37694.173215765964	40314.11079126581	24103.92086473872	23812.04625347568	7122.683801775742	1027.9473840119117	8426.243381163396	656.4823483871485
ARGDEG-PWY	superpathway of L-arginine, putrescine, and 4-aminobutanoate degradation	0.0	0.0	5.26221654464711	0.0	0.0	199.38505917384364	184.77534702839185	202.20410967326748	174.0739045656391	122.52909842613244	0.0	0.0	5.872616234566921	0.0	0.0	692.0356768234456	0.0	0.0	0.0	0.0
ARGININE-SYN4-PWY	L-ornithine biosynthesis II	3146.723766615404	239.9358394585785	39.58957071372136	583.8903515830268	190.5179287638432	60364.870392654586	66623.18754744569	67101.92990054045	59900.32760097486	31329.733159187646	76501.65890547218	72533.46013377057	68078.47937864509	63086.80200866203	47849.00160312057	80741.75169593483	47339.377247584656	93946.93699228184	111812.97847879233	157591.2744058355
ARGSYN-PWY	L-arginine biosynthesis I (via L-ornithine)	4036.641277499732	246.61778758283197	48.71709536065905	937.3237118319256	250.60724378487723	52285.861725380695	54364.19933812126	55397.50334964463	48811.32271958282	25482.15331542056	135539.6868423952	105375.16205981004	98732.1143164264	84645.84142681636	64354.7695328139	90030.30385942225	52897.73631952365	102252.5530813669	113412.03927508714	163342.74515221332
ARGSYNBSUB-PWY	L-arginine biosynthesis II (acetyl cycle)	4054.811140414216	232.57745064891893	51.03730090333114	976.9787260735992	253.6814195815089	53425.86786848347	55265.893438071325	56161.68923166037	49644.32665885259	25862.364861617883	137985.87134931618	109054.6196215691	103009.20781461814	87478.86331979268	66282.02288683369	95811.11009097594	55837.67018921263	105995.94862893427	116684.70976474772	168516.53042905705
ARO-PWY	chorismate biosynthesis I	5805.595245140832	655.8931375728263	79.43736413084267	987.480602741618	368.2290316456471	75760.79267991931	85911.6915767529	84018.76065631145	77662.06432687587	40711.45265025752	153645.02721614492	120370.5398007236	109862.72099886856	99327.69219935805	72820.4331432052	104938.01157243732	65621.39242416937	133748.7056569286	151701.63050491223	217545.92944711543
ASPASN-PWY	superpathway of L-aspartate and L-asparagine biosynthesis	0.0	21.81508182990845	6.041361171005269	0.0	0.0	37485.2052172165	36479.65947285617	38827.51266987559	32695.403757511445	18331.179257176093	31009.193432770066	39589.287388918856	37160.65653698594	35810.51221135107	30301.655782763974	35419.369278178485	26486.771322963952	70395.75714595865	85796.0662057193	150553.60157167303
AST-PWY	L-arginine degradation II (AST pathway)	0.0	0.0	3.4222222222222225	0.0	0.0	5008.7444444444445	3382.811111111112	3805.811111111111	3055.766666666668	2145.3111111111107	4.677777777777778	544.2622495391488	182.72339559011783	364.08926379806223	372.31283382130295	133.47935140200286	0.0	0.0	0.0	0.0
BRANCHED-CHAIN-AA-SYN-PWY	superpathway of branched chain amino acid biosynthesis	5230.129987654301	202.53553812178933	60.10386623557677	1224.4052123099768	330.9818340517381	42393.52001016151	47782.51965734331	46925.95464460907	42977.59593837792	20527.54054486628	157775.4651693997	120192.166546686	112961.11852140565	97203.25653608335	67527.58945642767	100147.66434906592	60826.9095911644	123870.04916548738	130914.7940696291	190581.31232217533
CALVIN-PWY	Calvin-Benson-Bassham cycle	17714.75570071299	757.3915262834679	34.0663013198601	2948.1852906880863	845.9920127649659	102792.02489376596	111942.56891072044	111846.5407477909	100961.34346785668	54142.45329206973	130715.66164511233	127047.8809869362	115335.68015931016	111103.64057260654	85338.24623081821	143880.90999664023	93098.48760480883	172870.4333100405	200741.5305617861	277057.96422903973
CARNMET-PWY	L-carnitine degradation I	0.0	0.0	3.08	0.0	0.0	4507.87	3044.53	3425.23	2750.19	1930.78	0.0	0.0	3.362268435684575	53.529742639333385	0.0	3068.6986304425964	317.1982774466051	68.95035582542118	10.601031709135096	0.0
CATECHOL-ORTHO-CLEAVAGE-PWY	catechol degradation to &beta;-ketoadipate	0.0	0.0	0.0	0.0	0.0	0.0	0.0	0.0	0.0	0.0	0.0	88.18142074700883	3.322482156709904	147.6623776260931	58.46738606696661	0.0	202.553019368194	0.0	0.0	0.0
CHLOROPHYLL-SYN	3,8-divinyl-chlorophyllide a biosynthesis I (aerobic, light-dependent)	0.0	0.0	0.0	0.0	0.0	0.0	0.0	0.0	0.0	0.0	11.367779583191384	0.0	0.0	0.0	0.0	480.46607968279625	0.0	54.64301924073298	0.0	0.0
CITRULBIO-PWY	L-citrulline biosynthesis	0.0	0.0	8.748209729675134	0.0	0.0	25360.214631061517	20009.95829279218	21783.607630695973	18058.81864890014	11613.289662645	29750.750513728803	11083.64834886802	11387.486505921965	16484.777595590527	6108.490182952851	1603.42932925826	999.7406551548572	58.7518894303774	306.42105473979143	10.799593101104312
COA-PWY	coenzyme A biosynthesis I (prokaryotic)	78440.8317295771	41696.571353433166	394.7693873962765	37982.79922997431	23154.3362553404	86243.29999999999	94878.22000000002	94665.93	85612.65000000001	46311.24	149175.3371201934	110634.84792009545	102739.58010958454	88054.52290507656	64459.73748302249	76244.0552346398	48363.18800418887	100449.85262612323	114893.6939268137	158876.15007600977
COA-PWY-1	superpathway of coenzyme A biosynthesis III (mammals)	78038.99711706	41722.29760340706	402.520811015095	38002.3183440673	23142.587835529663	90377.5067547056	99810.84607334869	99449.056845188	90049.94994960188	48374.66180897446	137430.625530873	104564.20935137266	97465.5893741751	84315.14266776187	62430.25484201631	79612.233550937	50357.878626514525	102192.306168414	115671.94521387844	159376.27421389834
COBALSYN-PWY	superpathway of adenosylcobalamin salvage from cobinamide I	4358.420181267972	43.18888888888889	35.1	670.156903770768	253.78689139315955	4515.22598017101	3052.9651547217504	3439.049919532109	2760.8304441419155	1936.4750591190116	55027.39100275893	64592.10103744392	59716.61097243497	54078.22228356767	44982.596380241936	67702.37316113875	48343.36589711479	85435.70173347741	99358.4466156934	158513.85437131106
CODH-PWY	reductive acetyl coenzyme A pathway I (homoacetogenic bacteria)	811.0475019232164	0.0	0.0	533.4404790118467	0.0	0.0	0.0	0.0	0.0	0.0	14119.51984586398	16730.114861886093	14819.89049630082	14335.861532049708	10781.795614490562	32769.51835682235	28840.68477728941	64346.92099833908	77470.95569775195	91916.2199897747
COLANSYN-PWY	colanic acid building blocks biosynthesis	0.0	43.202867207349904	11.739265459461445	362.09422889418	0.0	11328.716056303334	7814.116820963706	8750.465967120377	7058.093941299584	4893.434668325012	26934.97884697838	29690.0082379932	30171.55333383213	18536.977389352996	21294.704737918757	26117.56563483397	14729.693623513773	3851.367125203328	434.1940904299032	5502.6244864151
COMPLETE-ARO-PWY	superpathway of aromatic amino acid biosynthesis	6266.245587858262	626.9003175300344	85.08373539707556	1044.0699008003264	399.094814973873	80322.60394913344	91996.31680342033	89718.14623437412	83171.63509786582	43379.899907138126	163242.2976157674	127897.40230075686	116787.1718069418	104756.497133178	76544.73701164668	110420.220352092	69820.22047370939	142701.52552427832	161301.24417929974	233338.49279334003
CRNFORCAT-PWY	creatinine degradation I	0.0	0.0	0.0	0.0	0.0	0.0	0.0	0.0	0.0	0.0	0.0	0.0	71.68777409545214	110.3745252029758	53.74285073712614	52.78526576615496	0.0	33.0029019177553	0.0	0.0
DAPLYSINESYN-PWY	L-lysine biosynthesis I	81059.80710769464	44166.46945108987	421.0497688662966	40268.17796725982	24524.680231062677	99253.05412490905	107624.35555251328	107895.36981967186	97064.37772210145	52752.32426513704	132122.23633984933	98587.86754430777	91007.60089719026	84104.69386584708	63243.746723760414	92347.33734852036	59240.17028670588	113510.02711057763	128484.40715525475	196718.9881333914
DARABCATK12-PWY	D-arabinose degradation I	2326.1416214130613	50.34359367753049	3.990603780510185	95.16987135103312	90.82396909705456	4508.789437063116	3045.743547106056	3426.570923297536	2751.5479853826973	1931.2721234100527	5665.845687350479	4497.857446254698	3742.6302879131904	5378.3518358804295	3067.526431832776	14915.50012020028	4766.290945283332	7905.777176084292	1386.5587696101738	1104.791440923686
DENITRIFICATION-PWY	nitrate reduction I (denitrification)	0.0	0.0	0.0	0.0	0.0	0.0	0.0	0.0	0.0	0.0	206.99047966746585	231.18938188088796	110.71463672779862	342.11183408144825	226.7589517980769	0.0	151.42720773729408	15.543529411764707	0.0	0.0
DENOVOPURINE2-PWY	superpathway of purine nucleotides de novo biosynthesis II	4779.973738444271	339.5545939422875	12.462163606428296	912.165322062532	342.0575725085428	69248.63740548775	68461.5409529304	71815.29818718448	61464.11428213157	35104.837994777125	125726.02577197467	87979.35326422374	82505.42611812634	61998.76971901244	47561.88293689323	18791.93626790197	2743.464627362154	18447.0471950084	15723.741062858922	433.25919026375567
DHGLUCONATE-PYR-CAT-PWY	glucose degradation (oxidative)	0.0	0.0	0.0	0.0	0.0	0.0	0.0	0.0	0.0	0.0	0.0	0.0	4.058096223420762	47.48120919990522	0.0	149.3369644916596	118.13937404530532	0.0	0.0	0.0
DTDPRHAMSYN-PWY	dTDP-&beta;-L-rhamnose biosynthesis	4562.606083871188	434.3205264527579	57.205595173206575	1014.8618585141236	267.3142378405242	46093.72577963524	52782.50446314088	51465.52401027195	47529.51713566446	22893.687552816104	129933.80309422138	100142.71918917367	92006.57037555048	77358.07949702903	58480.28624532176	89974.20797758049	64335.03665761148	143441.46765978227	155269.59744097464	203056.9878345678
ECASYN-PWY	enterobacterial common antigen biosynthesis	0.0	0.0	4.702478638598385	0.0	0.0	7411.531564807314	5111.613437898824	5724.207330247969	4617.317395834805	3203.731205396145	9.179392957030734	1457.8050869677884	494.5130448514713	2005.845247584603	972.4485106680684	5001.5384701166095	174.018827223316	0.0	0.0	8.755150721443151
FAO-PWY	fatty acid &beta;-oxidation I (generic)	0.0	0.0	7.177678621858233	0.0	0.0	34254.39872310515	27409.413068818096	29567.50098035159	24779.066702097192	16012.46083524474	406.09277263383	2440.306572604245	1077.2369122430237	2694.67241220758	1809.6857669973024	7743.70028435546	434.6612161205569	0.0	0.0	0.0
FERMENTATION-PWY	mixed acid fermentation	0.0	0.0	17.924759934712217	0.0	0.0	90453.61613008354	94034.46962987304	96267.81689430508	84678.1727124733	47675.747981305394	42964.26125748892	50191.9230769201	47353.32258812652	49919.48998214941	36262.29657660802	16638.935459838733	3287.1098782566664	866.2147147304345	1104.888378241224	141.58115444054778
FOLSYN-PWY	superpathway of tetrahydrofolate biosynthesis and salvage	10337.11410288461	511.8508443589456	70.30691317219572	1093.3896861064716	841.663589405297	81403.4983265348	89020.87552055015	89001.32517689063	80196.59873046323	42082.16345870475	134914.7195861487	95923.16968620064	87826.29642310036	78239.95702545777	55323.9794022968	58515.55623582029	43531.73111000978	68064.70427032211	76571.69098301613	86626.8907922272
FUC-RHAMCAT-PWY	superpathway of fucose and rhamnose degradation	0.0	30.706005050717152	3.8636815920398	46.52129361082703	0.0	6359.044913405933	4402.987577734456	4926.276245685656	3976.874239163402	2742.146020868256	7818.486702802911	6182.514426971407	5920.431646278472	7915.432844406593	4850.298132420119	15936.850433811853	4320.160342367925	9405.10542917539	2284.202194833309	2227.264051426336
FUCCAT-PWY	fucose degradation	2456.226048507417	50.34359367753049	3.990603780510185	256.8070680023631	108.06	4508.789437063116	3045.743547106056	3426.570923297536	2751.5479853826964	1931.2721234100527	8626.17871794729	8145.254230782774	6489.116615650727	9956.70949783833	9184.252469631156	28541.892324902303	21739.38129867309	51008.89429273177	65690.79829926704	150445.06642097744
GALACTARDEG-PWY	D-galactarate degradation I	0.0	0.0	5.89791562025696	34.88297668292755	0.0	8572.505902433833	5944.049520139959	6651.4847460870415	5371.673121666703	3716.494674012913	2581.2586795518287	1278.622702110422	1877.072527583407	2404.2559931369947	957.4265994449752	2622.956856499349	429.1969332243856	132.93215595816582	216.3747302126788	108.5520307321516
GALACTITOLCAT-PWY	galactitol degradation	1979.3022377458767	309.63757906980743	4.910385804886823	303.40550355202487	29.066007393492523	85.75109008689364	79.49943149111728	87.00676129734647	74.90891324621585	52.7584634556922	12487.143424270447	19825.80045338261	16848.5954587816	13966.286856274932	10914.014411305709	8301.6018880143	5924.43489508161	5766.055113048323	12678.322382390848	827.4892628086861
GALLATE-DEGRADATION-II-PWY	gallate degradation I	0.0	0.0	0.0	0.0	0.0	0.0	0.0	0.0	0.0	0.0	0.0	0.0	0.0	0.0	0.0	181.77345373494785	0.0	0.0	0.0	0.0
GLCMANNANAUT-PWY	superpathway of N-acetylglucosamine, N-acetylmannosamine and N-acetylneuraminate degradation	3984.5180350395217	1007.972626630834	118.41951668266788	413.86856229323627	336.33049669011666	43687.62937760849	50898.33771482145	48777.431888556224	46270.97786888808	25237.13243864337	43229.5734062004	39998.56236584126	35753.52241318577	35119.79271616656	20984.530626263077	33454.11091430223	19195.60004788788	15122.15839006809	23380.1507182128	11850.466964367968
GLUCARDEG-PWY	D-glucarate degradation I	0.0	0.0	11.314444990907004	34.88297668292755	0.0	8352.793683248889	5837.996851000248	6519.496203702338	5275.461668745497	3627.618041674617	980.7415187855094	944.6987637497195	1034.6810289006328	1386.507603530156	735.5027646452392	1438.3842420666572	531.2101041453959	42.0193348793665	225.9163385396096	90.41859880143
GLUCARGALACTSUPER-PWY	superpathway of D-glucarate and D-galactarate degradation	0.0	0.0	5.89791562025696	34.88297668292755	0.0	8572.505902433833	5944.049520139959	6651.4847460870415	5371.673121666703	3716.494674012913	2581.2586795518287	1278.622702110422	1877.072527583407	2404.2559931369947	957.4265994449752	2622.956856499349	429.1969332243856	132.93215595816582	216.3747302126788	108.5520307321516
GLUCONEO-PWY	gluconeogenesis I	9420.50931754353	483.2222068961674	119.37757194612615	2177.2427020862438	816.1011058847084	98720.22412092632	112037.1317030615	110037.5322861556	101175.22087703003	52870.99520871855	109589.83444023208	93677.550260957	88094.96591248046	82088.9243341833	59094.883909445656	106512.96468759436	63413.02044756887	124181.65234645193	141043.34083182845	196881.4097182481
GLUCOSE1PMETAB-PWY	glucose and glucose-1-phosphate degradation	77706.08999999998	0.0	404.61	38289.23	23120.83	86250.66	94887.94000000002	94676.67	85623.53	46315.18	157935.41999999998	115947.51	109920.91999999998	92157.63	70058.84	121856.74	81429.03000000001	154123.24999999997	182037.93	305855.36000000004
GLUDEG-I-PWY	GABA shunt	286.7935111628016	19.24094190186485	10.916027352405417	16.326409786362284	27.715212507590987	11338.42845113563	7764.648725016673	8712.838648960062	7009.082001755245	4871.70465339992	6502.97273198404	3714.441119114833	5840.306314126735	4783.131230852232	2887.64877120173	7461.261704274214	610.652263851218	1538.404660901184	281.67728016393687	66.67495953274363
GLUTORN-PWY	L-ornithine biosynthesis I	2777.964488972641	126.34	37.32926074853078	711.7679817831925	178.02	33139.45320312798	36383.564127813326	35838.57121884769	32726.251763426502	15817.03010724223	131440.78605893182	101102.93742121532	97194.90438225416	83402.57519012659	61470.14629017488	96781.8480871132	54097.64257111439	105799.38827511227	115488.70728847886	161507.35706647125
GLYCOCAT-PWY	glycogen degradation I	0.0	0.0	8.724099693289626	0.0	0.0	9681.216238683446	6804.188805704048	7584.544796560895	6144.402133896957	4192.409668771978	0.0	2928.942212446585	1144.0191936445883	4423.627792268208	2039.5810956515757	7724.586515185694	234.2349999599664	33.024601510630184	117.11968389311625	0.0
GLYCOGENSYNTH-PWY	glycogen biosynthesis I (from ADP-D-Glucose)	9598.142996721948	396.3728794032956	84.80400702603536	1803.9833096368536	589.6646473285316	45734.78948313272	50227.14531252886	49547.9290593682	45194.29995517348	22145.70539237313	173310.2434293971	134333.3962857015	125462.11325006874	109805.63014996782	79071.30449055225	144073.41347258294	98695.37806307884	191149.7650663932	223753.1728614221	356882.275116443
GLYCOL-GLYOXDEG-PWY	superpathway of glycol metabolism and degradation	0.0	0.0	3.5200000000000005	0.0	0.0	122.0938388910918	114.76256900375456	170.550461911802	126.24017247241166	89.50711369771503	8.268556255352717	998.018452705859	412.6574674783146	974.9851826552292	746.1234742204757	453.3794925218352	247.0900267973684	0.0	0.0	0.0
GLYCOLYSIS	glycolysis I (from glucose 6-phosphate)	26402.089371603863	3669.290912304634	279.56917544609456	6202.784812914745	3094.0293826140887	87838.91564529386	97278.71108496565	95977.37079581009	87767.1234890893	46336.04861486547	117481.0341148483	100242.74722080262	94090.07270418412	88810.38904315108	61953.365255876175	109700.99172689852	65769.20318238846	128892.73310579293	146384.68549119204	198904.64933639628
GLYCOLYSIS-E-D	superpathway of glycolysis and the Entner-Doudoroff pathway	0.0	0.0	18.91831109783756	0.0	0.0	22335.586391959587	16592.842997296983	18294.67447083932	14981.92729704332	9970.180137195355	883.4001666697552	4479.059434934748	1681.2570092060553	7220.371018140602	7226.669908371969	11389.305154179285	1206.358889690928	0.0	0.0	0.0
GLYOXYLATE-BYPASS	glyoxylate cycle	0.0	0.0	3.5200000000000005	0.0	0.0	37247.55284330587	44053.33715420197	42020.27541204608	40074.00266486935	21965.11266744589	5.612519453182524	726.7071859425045	251.6375325974158	613.3346115466145	526.1951975847788	2809.6183567868625	253.39485482328	0.0	0.0	0.0
GOLPDLCAT-PWY	superpathway of glycerol degradation to 1,3-propanediol	0.0	0.0	0.0	218.2869701271281	0.0	36.79245989756667	35.8014790758574	38.51792128587473	52.12110278141929	37.33352955900432	10269.126706173647	8354.177617424566	6178.3649787780105	8131.592269957556	5490.271271555135	11571.496540680237	3609.703741481838	2457.517723939302	749.6596560587275	810.9772883155046
HCAMHPDEG-PWY	3-phenylpropanoate and 3-(3-hydroxyphenyl)propanoate degradation to 2-hydroxypentadienoate	0.0	0.0	0.0	0.0	0.0	0.0	0.0	0.0	0.0	0.0	0.0	0.0	0.0	0.0	0.0	166.17927745441702	0.0	0.0	0.0	0.0
HEME-BIOSYNTHESIS-II	heme b biosynthesis I (aerobic)	0.0	0.0	3.08	0.0	0.0	56430.481946622254	68763.4220313602	65587.02547545802	62265.71177850801	31405.36223300072	762.03699177549	941.1070125408858	612.4019680680369	905.6870302585826	781.238928602791	3707.772079159313	342.09950710176986	75.76334805583336	48.93568758340699	9.310924522618317
HEME-BIOSYNTHESIS-II-1	heme b biosynthesis V (aerobic)	0.0	0.0	3.08	0.0	0.0	8373.508801641916	5836.369973409266	6518.899352939315	5272.635606484963	3644.386491346933	1182.9777600531963	1916.820861886088	976.8822908378067	2664.8014142477027	1451.1249410333685	4713.392133072116	377.907231555004	937.3292291897948	276.31498233793764	54.43122670996505
HEMESYN2-PWY	heme b biosynthesis II (oxygen-independent)	0.0	0.0	3.08	0.0	0.0	8373.508801641916	5836.369973409266	6518.899352939315	5272.635606484963	3644.386491346933	1182.9777600531963	1916.820861886088	976.8822908378067	2664.8014142477027	1451.1249410333685	4713.392133072116	377.907231555004	937.3292291897948	276.31498233793764	54.43122670996505
HEXITOLDEGSUPER-PWY	superpathway of hexitol degradation (bacteria)	1240.260827302115	471.7608064241796	14.778803715103086	314.42644538364414	0.0	298.6044828474059	276.7080091641664	302.79887505378827	260.6665983224611	183.433820981316	18125.84570945338	14614.65358911466	13759.110292492927	12728.509431157274	10843.239898969208	15241.359684105922	2550.844634154452	14395.349986936682	26912.520910942683	660.6150143708875
HISDEG-PWY	L-histidine degradation I	2391.38	120.9	0.0	5.803134796238244	78.33	59778.82297732592	70997.92472126413	68087.20402553002	64273.9034843629	32819.413000712324	21613.03930228313	11091.396386131924	9005.191267980972	13389.860757740948	6187.213319113007	11129.65933217264	3935.300027031472	430.2007155784535	5766.402987126751	54.84307027027026
HISTSYN-PWY	L-histidine biosynthesis	2648.248555823882	140.92210852538787	40.31460638019658	526.2999817243508	193.7319515196692	30090.93644966633	34190.96319495474	33410.113419494046	30748.06449074357	14491.297189950534	140733.10274535004	108006.12355279058	99663.89753488947	87133.45589869948	62348.330207220846	83900.13687544185	44016.15656378397	85658.84522717659	82283.65290501468	27684.49095318637
HOMOSER-METSYN-PWY	L-methionine biosynthesis I	2263.344619205081	336.0880135396157	6.107112785269901	398.3294705785143	29.980274526673416	15070.255490203284	10870.568727913977	12064.349458706673	9815.892436687624	6636.895811414696	94395.19540377564	70478.71070802644	63547.42697152976	50280.22629410214	40270.78987800087	20913.832559549755	2155.0341852651745	28691.14946315243	25505.2910278287	659.0825476871995
HSERMETANA-PWY	L-methionine biosynthesis III	3903.565997355688	142.81570390944268	45.87230231775072	1414.6401708455169	243.6565909350843	38024.56836310957	47169.14077466842	44647.46924929805	42904.36791513088	23022.05530994059	100956.23790430158	79185.7378455492	71399.9009565069	57136.11628665665	45322.946663710434	18817.24478432178	1704.1947350755945	31923.425636196094	29675.470235825946	521.9044558070425
ILEUSYN-PWY	L-isoleucine biosynthesis I (from threonine)	6722.393986897514	251.920414913346	65.04597543464288	1694.9639875213188	386.7677007008977	47213.61159081856	53049.036765184166	52186.80621021437	47712.27927105059	22905.634656824903	167703.48057382533	125781.82852966843	118987.03686321928	102805.48560426389	71036.96240216123	110068.63344755564	64370.39486327195	133544.50620491718	138615.45679544227	200508.45233830923
KDO-NAGLIPASYN-PWY	superpathway of (Kdo)2-lipid A biosynthesis	0.0	0.0	3.32972972972973	0.0	0.0	4873.372972972974	3291.383783783784	3702.951351351351	2973.1783783783785	2087.329729729729	2320.297283384892	11556.231755219256	6708.356258620366	11971.569848911868	9924.85628014042	4410.185767296592	267.21867261788543	0.0	56.310788830405336	0.0
KETOGLUCONMET-PWY	ketogluconate metabolism	0.0	0.0	0.0	0.0	0.0	8389.395923267908	5723.116822363245	6437.807226974013	5166.517899050457	3607.800195714339	125.36858921498148	62.09767976063996	49.38411394609303	30.47155104466232	46.732460588937215	212.2498284052521	0.0	0.0	0.0	0.0
LACTOSECAT-PWY	lactose and galactose degradation I	1607.7347650707552	260.2293327638352	0.0	94.79894014970606	0.0	36.76724922698866	35.76200076122458	84.55890475437967	52.030751930244	37.26995210362494	85581.25557932047	50145.39635500722	44131.72895567121	27467.19847284481	19654.75076113357	912.974701048016	290.4373065038628	644.7991246493934	7461.043152430702	24.20254550532774
LIPA-CORESYN-PWY	lipid A-core biosynthesis (E. coli K-12)	0.0	0.0	3.5200000000000005	0.0	0.0	4518.56335574801	3054.434875554454	3436.0710750954654	2759.5215360238403	1937.3521941867025	0.0	54.918024682133066	3.3766631301131764	73.51887640720533	34.85225339503232	208.56235714078812	0.0	0.0	0.0	0.0
LIPASYN-PWY	phospholipases	2238.8500000000004	439.82	32.22	144.31	78.33	4507.87	3044.53	3425.23	2750.19	1930.78	6949.25	6632.0	5965.45	5470.73	2158.7300000000005	2738.7	3717.75	0.0	857.5400000000001	0.0
LPSSYN-PWY	superpathway of lipopolysaccharide biosynthesis	0.0	0.0	3.359999999999999	0.0	0.0	4775.698088254904	3226.0815267618477	3629.4084870282886	2914.2846775496287	2045.9884064049136	0.0	243.30605864222295	15.17260022845386	324.53668957156475	155.1387852162532	811.9270254424297	0.0	0.0	0.0	0.0
MET-SAM-PWY	superpathway of S-adenosyl-L-methionine biosynthesis	4248.831687382068	516.1079177954507	11.828029498756903	763.2239817877604	59.240319191858	19222.659520782792	14034.806775501442	15538.706679759092	12672.431898983396	8525.898816561928	114015.02155034218	84494.0828139449	76205.92558043625	61537.33310246605	48437.43603950683	27071.59217941632	2881.8538685780973	38895.43067932907	35655.29632319227	893.3825226511868
METH-ACETATE-PWY	methanogenesis from acetate	3530.1343425394825	62.16887812364688	0.0	707.1910006126408	125.15850048767872	0.0	0.0	0.0	0.0	0.0	15326.41825641839	18030.97135375616	16123.398831602191	15485.659498587504	11652.62383140179	37152.62816750247	34334.51018470808	82615.67431186358	99383.38251017756	202178.22720861356
METHGLYUT-PWY	superpathway of methylglyoxal degradation	0.0	0.0	4.292384658143413	0.0	0.0	152.6622409427454	143.4848092284664	213.2657687897425	157.84116642308197	111.9098098575978	0.0	1304.262561718489	464.0979604405321	1966.7485748023453	883.5504505147755	558.733248773867	294.01787995939543	0.0	0.0	0.0
METSYN-PWY	superpathway of L-homoserine and L-methionine biosynthesis	3889.172283498986	585.1999904631841	10.588221864298005	692.5799876259231	52.42344093460404	23469.26799579694	17527.44130341721	19313.187092554395	15822.565362854304	10493.12174597856	113061.46148312248	85738.63860353315	77482.70228758898	64087.75903447983	49816.92988903891	32036.873548847623	3684.8234249409184	43440.3691411086	39787.50944787842	1150.99057039294
NAD-BIOSYNTHESIS-II	NAD salvage pathway III (to nicotinamide riboside)	0.0	0.0	4.980219472162114	0.0	0.0	5599.332505454705	3791.854585582449	4263.421479910863	3425.2665734239004	2401.117316925193	172.29063975465405	2109.5910672385926	865.8270653813682	2672.845436360912	2118.4340761425906	5375.177051702756	256.61625939185325	88.33739527104275	0.0	6.666579521717083
NAGLIPASYN-PWY	lipid IVA biosynthesis (E. coli)	0.0	0.0	3.08	0.0	0.0	4507.87	3044.53	3425.23	2750.1900000000005	1930.7799999999995	12897.253746222415	13696.01239927871	10780.053668468714	15722.520554482826	14852.65622457754	4196.986882180208	226.4460828232008	24.20303879947345	1083.59120613164	9.700713048250554
NONMEVIPP-PWY	methylerythritol phosphate pathway I	6341.025949890798	728.5038545442526	94.9830723002408	920.8671944528202	380.5184039729538	76684.45414691298	89450.13473316892	86583.94028986426	80918.28471167375	42002.21551470488	83085.1422156665	81126.61874291563	75726.31394895082	78673.12876710085	53959.18246520105	97014.28913045824	59513.75047145382	109085.06029781896	126016.29950284536	185484.7859214421
NONOXIPENT-PWY	pentose phosphate pathway (non-oxidative branch) I	17682.625695618568	1613.5697617835804	248.3714692974116	3370.60178813609	1209.586359593192	104745.3813520142	112326.3134064945	112478.252451644	101390.37073937412	55438.52646680985	199071.8600064645	166710.19254291107	155068.135318321	133693.9845051865	102418.50742951754	169573.5111442313	111971.89357415216	205177.85317443084	235063.71441630344	269961.7036579472
OANTIGEN-PWY	O-antigen building blocks biosynthesis (E. coli)	7783.107757867266	636.6633429467211	88.99257816490793	1885.96116972948	485.7473263209118	57713.71611627224	62016.65308704326	61197.06718563071	55848.97412319968	29331.633542893545	131663.97301151542	101861.87178912786	92478.59971458676	80787.49519275455	58318.13536384536	77277.72101443227	45151.846311835885	67826.47225908966	69670.85446125071	17905.418811019223
ORNARGDEG-PWY	superpathway of L-arginine and L-ornithine degradation	0.0	0.0	5.26221654464711	0.0	0.0	199.38505917384364	184.77534702839185	202.20410967326748	174.0739045656391	122.52909842613244	0.0	0.0	5.872616234566921	0.0	0.0	692.0356768234456	0.0	0.0	0.0	0.0
ORNDEG-PWY	superpathway of ornithine degradation	0.0	0.0	6.105249184774767	0.0	0.0	7976.171527986032	5628.678582965044	6267.402976094424	5082.900727646556	3455.1371664743338	0.0	1065.735877635503	445.254742362506	714.8751901745873	816.2886971251774	4818.687102938693	143.98153897460642	0.0	0.0	0.0
P101-PWY	ectoine biosynthesis	0.0	0.0	0.0	0.0	0.0	0.0	0.0	0.0	0.0	0.0	36.10594697012202	263.490870939584	138.95716938586077	304.4485415369865	234.52659153502344	162.22070669819502	0.0	0.0	0.0	0.0
P105-PWY	TCA cycle IV (2-oxoglutarate decarboxylase)	0.0	0.0	0.0	0.0	0.0	0.0	0.0	0.0	0.0	0.0	0.0	0.0	0.0	0.0	0.0	0.0	0.0	34.51049244838607	92.31660300144624	0.0
P108-PWY	pyruvate fermentation to propanoate I	0.0	0.0	0.0	0.0	0.0	0.0	0.0	0.0	0.0	0.0	4561.616376730127	9907.067988773266	10623.088674038856	8900.630610883563	8440.079374082638	4563.6587028228805	393.7714374878935	113.18867724120769	206.19469400334933	57.24565836706819
P125-PWY	superpathway of (R,R)-butanediol biosynthesis	0.0	0.0	0.0	0.0	0.0	33074.27074240396	39434.171798071264	38327.36984253632	35448.68848829408	16292.438491093226	6422.416593028728	1759.5671361531563	1192.021251893332	3409.9447392207226	1445.6742739409556	2971.684412184158	97.28226415763385	1992.336430780069	457.8708032562692	28.49840574208502
P163-PWY	L-lysine fermentation to acetate and butanoate	0.0	0.0	0.0	0.0	0.0	0.0	0.0	0.0	0.0	0.0	18459.680252261576	5768.892595699203	6724.002887648287	8942.451796772706	4468.110744550108	2363.7782619300965	465.7730825483376	56.86901990553542	840.2710900657518	0.0
P164-PWY	purine nucleobases degradation I (anaerobic)	0.0	0.0	0.0	0.0	0.0	0.0	0.0	0.0	0.0	0.0	6318.087849189727	11552.34650777601	7537.882525050784	15358.368289665608	10090.68362574519	12446.000303847602	882.0932097161071	118.71101296105265	309.3037807489158	0.0
P185-PWY	formaldehyde assimilation III (dihydroxyacetone cycle)	47.9053458794692	0.0	0.0	0.0	0.0	36.874488341554354	35.915327164607646	38.63454465552062	52.38898509352822	37.52943627478071	18037.81969201788	12532.813124954748	7394.254401141414	13693.236305170274	7760.987571041579	12495.87280884626	3769.991543589677	2170.707554773877	751.896424531426	837.2651970400035
P221-PWY	octane oxidation	0.0	0.0	0.0	380.2907574338825	0.0	0.0	0.0	0.0	0.0	0.0	17336.129266932232	21204.376182929707	19409.76559666435	23556.159632137187	17133.734620544998	50564.45689030112	39406.75292516592	78263.35436430581	97178.30584437956	176791.86972509942
P23-PWY	reductive TCA cycle I	0.0	0.0	13.088602527035505	0.0	0.0	128.94191673189377	125.60657873734496	298.0317736924367	183.1333076099349	131.12731147210152	27318.06395039309	41809.83901742069	38421.61208598567	40357.01038806858	31837.760681227846	11950.578921937216	1368.563305651491	146.71051532568578	271.68136955412194	0.0
P341-PWY	glycolysis V (Pyrococcus)	0.0	0.0	0.0	0.0	0.0	0.0	0.0	0.0	0.0	0.0	37.744962268334575	110.74459944057068	61.606227252964345	83.83786858509315	0.0	953.385255114872	1220.4566757509847	645.3620865691192	73.55596388950701	1071.1054137732333
P381-PWY	adenosylcobalamin biosynthesis II (aerobic)	0.0	0.0	0.0	0.0	0.0	0.0	0.0	0.0	0.0	0.0	0.0	0.0	0.0	409.0948420283079	271.6996583051129	0.0	0.0	0.0	0.0	0.0
P4-PWY	superpathway of L-lysine, L-threonine and L-methionine biosynthesis I	7022.424575461285	757.3386376197953	23.75698879199188	1320.4393286326022	119.73692486864748	40044.18992166865	32809.72606041838	35392.26086039334	29599.344145832103	18563.96631521886	118456.1818210627	92213.06684849564	83824.28898111658	72197.46720669286	51312.70673571017	39935.74010036087	7221.474553030226	37798.22713219444	35356.22853873875	802.4876580615052
P42-PWY	incomplete reductive TCA cycle	0.0	0.0	8.431395805996253	612.9671441324423	0.0	13922.18734085943	9903.929264808132	11014.193050078	8950.504089516377	6121.663455466111	26080.58618102557	43291.22191040094	40895.98581075151	42662.50635988356	35230.656040980415	22576.309035871884	1914.704327721928	503.8866443627651	642.3294427959767	82.32439474454276
P441-PWY	superpathway of N-acetylneuraminate degradation	0.0	0.0	23.411016713778345	0.0	0.0	23111.00232771966	17488.39446236636	19214.02792228965	15796.256816966044	10517.394143824624	0.0	7461.78873198478	3034.3257953930583	10509.012099325588	5084.894014791083	14367.088816277044	716.2649100175628	0.0	0.0	0.0
P461-PWY	hexitol fermentation to lactate, formate, ethanol and acetate	602.5209230531269	322.20110896968305	22.20452996318778	159.09950326679663	0.0	14672.836531706103	10784.083228821712	11907.017725441654	9742.537092418512	6484.771826598843	11119.49053806734	7885.152366763332	7548.296121826727	7274.971878893079	6480.686662053726	33745.104883757835	13115.890110521774	39792.273172637135	30787.43314144189	3292.085431529736
P562-PWY	myo-inositol degradation I	0.0	0.0	0.0	0.0	0.0	31133.906889564147	37906.97670839263	36488.52900813587	34072.6868860801	15283.676651268106	5555.11062167051	5240.747714504651	4202.028456197716	4929.099659201061	3474.2482107050814	5774.400906982425	1303.425326153077	2604.608540530873	3224.666731369344	215.3271764434792
PANTO-PWY	phosphopantothenate biosynthesis I	2253.172167357068	21.994199767004076	64.30118024604678	656.7512990598524	290.189075536326	77051.29434078764	90269.5329937557	87446.95608059852	81607.45245168314	41798.00965393318	62443.915482149576	54221.53317533172	45479.92592097129	49356.39800208578	34759.33625558986	55262.12436241649	36578.75991738928	80333.52245980162	99382.77415716108	152622.90762043415
PANTOSYN-PWY	superpathway of coenzyme A biosynthesis I (bacteria)	3308.239353583884	32.98258673587767	89.25934140979402	703.5618186593525	432.5831808987444	78051.74318629252	89381.58768793178	87510.39468849527	80758.84852178207	42266.56351123482	74587.83906421781	62145.38624331654	54228.40287726959	56621.44701818889	40601.0056392567	60180.38761471715	38601.35904648515	87791.93285867944	105318.9546779365	154696.4206528179
PENTOSE-P-PWY	pentose phosphate pathway	26164.826217285543	2743.7732169698843	286.7592691871829	5525.391761614865	2035.9943555284403	85231.57446100617	89844.52825815401	91187.69342874872	80828.86992174009	43417.75660266285	20017.19224971954	13290.99322732594	13850.679659333202	16830.42004578305	11515.41030026936	11292.683377519146	2748.6367835804203	5481.705215584508	10054.148239646196	1477.0256813968554
PEPTIDOGLYCANSYN-PWY	peptidoglycan biosynthesis I (meso-diaminopimelate containing)	82231.27080843327	44076.50440713504	435.7641333133324	40044.78409461346	24363.99611777765	95067.36376396289	104482.93355084216	104273.6727724863	94284.8642680472	51080.867729591766	152544.0721477015	114265.60421968164	106706.47364680652	93526.25856263888	69119.72704545618	92494.30488941605	54830.02267608117	109361.76176809362	124478.7910451854	167986.8478139576
PHOSLIPSYN-PWY	superpathway of phospholipid biosynthesis I (bacteria)	90795.5980925956	48323.80143557215	486.3292792720788	43950.05022093482	26762.121647111417	105145.23956334197	116349.26640487731	115778.42159038056	105008.19151893174	56572.132594415234	155542.4032141339	117011.62626937362	108154.62675694768	95557.87722745136	67905.32336657698	105994.35270415376	62283.40948990919	123657.62648642035	141358.58722766498	198466.882082942
POLYAMINSYN3-PWY	superpathway of polyamine biosynthesis II	0.0	0.0	0.0	0.0	0.0	0.0	0.0	0.0	0.0	0.0	10551.323003465672	19128.013316985405	15424.469409200845	18316.49859253542	9838.361658731392	2032.8822909065295	678.8812110991084	121.79597553399554	2558.7837462758444	15.664384941775618
POLYAMSYN-PWY	superpathway of polyamine biosynthesis I	5090.307291352242	686.0561280415438	69.00764943055421	607.0798088500106	262.49346002735774	32984.853621929906	37245.06063879258	36426.41602060325	33509.066358909455	15986.40128270454	29931.86005514803	29863.479609796985	25697.84762076423	30163.056853063503	18998.63771951455	17100.644472566713	5266.636724316232	527.5415277324241	6027.123233647708	336.13579813457187
POLYISOPRENSYN-PWY	polyisoprenoid biosynthesis (E. coli)	78892.62504342478	41866.67185904558	417.5962500659493	38057.431824764455	23203.374685728893	88869.96835030694	94618.50495787027	95640.13870360432	85201.97110246394	46045.95241336737	136171.58418322832	89381.54858799386	84650.29854199248	65876.9667723009	42829.96207849138	23351.84155006044	3738.3945743316767	19716.000272486937	34849.98691496729	367.7983117187717
PPGPPMET-PWY	ppGpp metabolism	0.0	0.0	7.655035401416712	0.0	0.0	10759.596494197414	7369.163166023751	8274.388691894663	6655.3454608768125	4643.4456181903	23429.93796655348	13595.49969280977	11178.21050597702	19791.29525328104	13428.81572967504	12374.034125589513	798.1939645764113	4612.7826383148185	325.2681604517968	11.99975274365375
PROTOCATECHUATE-ORTHO-CLEAVAGE-PWY	protocatechuate degradation II (ortho-cleavage pathway)	38.19670517263162	0.0	0.0	36.3302438267112	377.01525052957726	0.0	0.0	0.0	0.0	0.0	0.0	55.2830927293226	0.0	250.1171773729803	34.95114778917588	212.74648014841912	514.7242592100279	0.0	0.0	0.0
PWY-1042	glycolysis IV	78816.0793390729	41966.92625052433	438.521184492185	38969.88875897849	23218.54168675103	92727.1970898771	105501.93829530544	102585.2926096467	95412.8384313237	49380.22876709748	182557.66668485777	143550.54056870495	132320.56421109	122689.9725581896	89083.5582458738	155040.53381012473	97105.14699889495	191608.36775624796	214296.05901081293	311656.18976856885
PWY-1269	CMP-3-deoxy-D-manno-octulosonate biosynthesis	0.0	0.0	3.5200000000000005	0.0	0.0	5151.851428571428	3479.462857142857	3914.548571428571	3143.074285714285	2206.605714285714	16739.343224266897	21569.050387840387	20342.10906257786	20243.25189528901	21012.220725106585	10201.672996883526	1417.417529206704	382.4179245744292	1406.7160498980918	818.8727433775927
PWY-1361	benzoyl-CoA degradation I (aerobic)	0.0	0.0	0.0	0.0	0.0	0.0	0.0	0.0	0.0	0.0	0.0	0.0	0.0	101.0849020104089	0.0	0.0	0.0	0.0	0.0	0.0
PWY-1422	vitamin E biosynthesis (tocopherols)	0.0	0.0	0.0	0.0	0.0	0.0	0.0	0.0	0.0	0.0	0.0	0.0	0.0	0.0	0.0	0.0	0.0	42.478796772593086	0.0	0.0
PWY-1541	superpathway of taurine degradation	0.0	0.0	0.0	0.0	0.0	0.0	0.0	0.0	0.0	0.0	0.0	0.0	65.90646377596586	152.31295624358563	107.1298015236727	0.0	0.0	0.0	0.0	0.0
PWY-1622	formaldehyde assimilation I (serine pathway)	0.0	0.0	0.0	510.42454009835086	0.0	46763.579553490985	50719.205042563	50950.63493540446	45593.53782758876	23182.42693927672	22016.233156091563	20275.118206676187	15752.079007757024	14979.93888298848	10758.67932508989	10988.907038750813	1904.3581038528143	11708.888782678452	12214.801166288342	536.5281635906533
PWY-181	photorespiration	0.0	0.0	0.0	0.0	0.0	0.0	0.0	0.0	0.0	0.0	0.0	491.4091246804919	27.01062612782958	725.6571072830016	275.3454663361655	0.0	0.0	597.4745024843937	0.0	0.0
PWY-1861	formaldehyde assimilation II (assimilatory RuMP Cycle)	5216.694596312142	398.749594904713	11.779414362668067	14.753057514629882	65.40325926165745	61491.69153869534	68680.44737856433	67537.38360590863	61910.96484618095	30993.688797313192	124137.99043325074	85799.34056986553	78680.6965911826	52494.01806045153	40361.14996207505	33083.445107302185	15909.137423707383	41770.47872447575	33515.42422739722	4140.203940089215
PWY-241	C4 photosynthetic carbon assimilation cycle, NADP-ME type	0.0	0.0	13.998845118910284	0.0	0.0	55.08713957042575	56.721668637267015	118.80753725758474	78.4033204879473	51.417358889829096	4410.136569116224	10641.412453701088	6055.024050811892	12375.608851021563	9176.422324622125	6063.18133871841	897.2536844089569	3593.042267203713	129.22716671821968	11.615351336330772
PWY-2941	L-lysine biosynthesis II	81487.93410733469	44510.60304985118	432.1086097066327	40544.85265834897	24716.816682676694	93116.26696891028	102290.91361311848	102023.14477471018	92304.15316438122	49878.47788698546	113743.90362348428	83869.17085687684	75797.69270478445	66130.90610708612	42232.28446783944	23249.271884404385	10944.94580970196	23197.47773271717	22141.45565937039	384.1223601977129
PWY-2942	L-lysine biosynthesis III	83555.34074624271	45577.34861893659	443.3634242990133	41683.75345862463	25323.64648335069	97652.39651519788	106330.5303622372	106215.79441648153	95953.89325715808	52030.85745299528	140222.1595624027	110333.1189359838	101332.3338605653	90271.77159937836	66911.58989152932	96188.2612661681	58267.72642710913	110048.83923546349	123822.47573202998	185502.2243550887
PWY-3001	superpathway of L-isoleucine biosynthesis I	12312.840569874688	571.315212734802	120.68918905742262	2552.764650090094	767.9539693328055	64142.50953777628	69984.29543289033	69908.44654527034	62928.52627582461	31681.89149015604	157169.91918094284	121471.49374945396	112278.36786381576	100910.34526428569	70476.62295036632	102327.67243431164	61667.909672971386	124892.7525079698	136257.8805035382	194781.75602434544
PWY-3661	glycine betaine degradation I	0.0	0.0	0.0	0.0	0.0	0.0	0.0	0.0	0.0	0.0	84.02755751412248	33.86336781659252	147.13902752788914	214.03634209531188	89.71783513514772	13.172079385969695	0.0	0.0	0.0	0.0
PWY-3841	folate transformations II (plants)	77495.09450196927	41807.35843097243	405.3756288705397	37928.45888228315	23105.56445710888	92201.5365589624	101603.20644112922	101265.93763524166	91662.91797883844	49244.16319255953	135772.6328969514	104853.7062969243	97044.77945746409	86883.06123607972	62522.043740919646	87728.37875754858	51245.219816331686	98428.16892371804	116219.9365422598	164251.97173898568
PWY-4321	L-glutamate degradation IV	0.0	0.0	0.0	0.0	0.0	0.0	0.0	0.0	0.0	0.0	0.0	0.0	4.891938653628193	0.0	0.0	0.0	0.0	0.0	0.0	0.0
PWY-4702	phytate degradation I	0.0	0.0	0.0	0.0	0.0	86.01508999064194	79.917298168266	87.43227118363953	75.31850332013038	53.00784135092744	0.0	52.73218331687046	3.371005542608805	87.5838280395765	34.08185426005539	1388.031169431233	137.6492580287929	0.0	0.0	0.0
PWY-4984	urea cycle	2811.053965039095	295.58347942486967	48.20574952390564	91.21549200643032	215.60223455803555	56992.83741469345	60890.07740682442	62020.44162482759	54713.13692943665	29171.136965948277	41797.03968764504	32994.29155735006	23195.964293123063	32716.275442170027	10061.64946939561	1656.9018150386505	4664.004875771379	100.86305484476117	4584.613294907045	11.99945842510394
PWY-5005	biotin biosynthesis II	20.20761408217702	0.0	0.0	0.0	0.0	33081.78616403108	39066.16849025978	37861.46124120306	35122.07737483221	16106.305862066769	15857.807461098617	17749.53007871187	13451.23750204766	17303.79561994735	15304.042811012996	4478.210083815643	2219.333209209283	165.87710205154914	1993.396160669888	43.01728637399956
PWY-5022	4-aminobutanoate degradation V	46.925764361545525	0.0	0.0	24.10896804787174	0.0	75260.97814438163	81826.51788202058	82397.22044901816	73607.83658489541	38776.11410852282	15268.174099387135	17061.469920678912	13581.748065556643	14076.63472470014	8890.420057515017	15030.319803725535	6898.340454695793	8993.390997877617	9094.153836297142	616.526714958935
PWY-5028	L-histidine degradation II	0.0	0.0	0.0	0.0	0.0	0.0	0.0	0.0	0.0	0.0	0.0	68.92089049380193	205.11498488992277	757.750579005319	290.9438948364673	0.0	0.0	0.0	0.0	0.0
PWY-5030	L-histidine degradation III	2852.5554745268646	144.99621141744385	0.0	8.116235368357371	93.93252791464904	0.0	0.0	0.0	0.0	0.0	25639.98842183613	13089.056679099484	10814.176111403	15903.20517793287	7367.6965661828035	13377.93727342088	4551.408103516993	513.6486469771858	6850.64708062487	70.51217911489105
PWY-5055	nicotinate degradation III	0.0	0.0	0.0	0.0	0.0	0.0	0.0	0.0	0.0	0.0	69.66099941134343	0.0	51.92635560434926	30.2950456324915	20.261760191860628	47.902731047314944	0.0	0.0	0.0	0.0
PWY-5097	L-lysine biosynthesis VI	82457.81937875778	44934.43729044365	437.3788507301932	41152.725159271824	24978.595350013	95834.63315052348	104521.858209517	104381.38860653785	94317.12377617796	51122.233112135626	105558.11549044	94471.33082707624	87573.89474908347	82575.35278048276	62097.29549985023	98811.57361217296	62330.62122911192	114522.75913958324	127605.72226718848	194908.8298212112
PWY-5100	pyruvate fermentation to acetate and lactate II	17662.510180143454	1137.0258997542578	214.96564137864183	2564.3877371190447	1292.8495371166202	8620.333773302824	5912.183262795399	6634.539849476408	5341.505139162531	3715.298926264241	148322.0526769521	111171.31944688322	105164.88318456685	93047.49566912596	65869.72461668818	124812.27639521527	79249.59314690155	166457.61524357856	199817.87674949304	226617.49707314023
PWY-5101	L-isoleucine biosynthesis II	0.0	0.0	0.0	0.0	0.0	0.0	0.0	0.0	0.0	0.0	2368.3732515393626	617.6598723746549	1081.1077773493066	1501.849886408873	478.7202553067904	167.26383696307465	33.08121128326764	0.0	0.0	14.399471579916094
PWY-5103	L-isoleucine biosynthesis III	4870.658366180015	209.03465477606065	55.56482021431167	1283.870197387235	303.967281988669	42393.52001016151	47782.51965734331	46925.95464460907	42977.59593837792	20527.54054486628	154563.88809914494	118101.74249652684	110987.08866040736	94635.26063425175	66543.34659115315	98466.45809731414	60581.21819471086	123305.61745686347	130767.1595974891	190394.2709906368
PWY-5104	L-isoleucine biosynthesis IV	0.0	0.0	0.0	0.0	0.0	0.0	0.0	0.0	0.0	0.0	111.37964411391783	0.0	85.57030278410633	0.0	0.0	0.0	0.0	0.0	0.0	0.0
PWY-5121	superpathway of geranylgeranyl diphosphate biosynthesis II (via MEP)	9146.3007533643	1074.7334502972865	128.65472635036645	1350.3301896961154	569.2322971563244	77120.91014869079	88637.60898771351	86344.63579050433	80138.66561009396	41933.42818556318	92953.15498697116	83470.66316505957	77940.65316279235	77572.35447511025	54584.05714591331	91488.52042075268	55768.15985211795	104521.24875585544	120680.41039065892	174870.30979554344
PWY-5130	2-oxobutanoate degradation I	0.0	0.0	0.0	163.53336664060564	0.0	37142.14517939287	45410.59981018594	43522.77087605038	40921.28203456625	19034.009491835208	13196.116203889304	8233.18705699058	8222.301786847554	8978.93258303394	7224.938500114336	4009.5761753160978	37.19132795544128	43.097515405109085	1881.841916174489	18.95483073887057
PWY-5136	fatty acid &beta;-oxidation II (plant peroxisome)	0.0	0.0	7.82396798522395	0.0	0.0	74954.95757350943	87838.48057564409	84402.58201314358	79580.96559980304	41411.79567854557	645.7514331135193	2725.8887185978515	1222.4811316009527	3015.9717391323024	2038.3974904480103	8329.469591561152	709.7047340168634	0.0	0.0	0.0
PWY-5138	fatty acid &beta;-oxidation IV (unsaturated, even number)	0.0	0.0	7.469848640705363	0.0	0.0	11283.620549535215	7828.526646180748	8752.069187150842	7072.746472882641	4906.904379965285	156.06579266155802	1668.23586545619	553.7015012326191	1444.7949687260036	1146.4365977294003	6762.110841277531	207.57265636363192	0.0	0.0	0.0
PWY-5154	L-arginine biosynthesis III (via N-acetyl-L-citrulline)	0.0	0.0	6.945750418410891	124.24918513681163	0.0	42580.568004721004	46548.882041585166	46361.18833520053	41828.51509236557	20651.225077089784	21058.934414973726	13446.733870520322	11458.22961164346	18474.144259073146	10952.043545890005	11922.590319544854	2425.163136394568	7268.592608088249	2143.2556651527366	2544.118173070347
PWY-5179	toluene degradation V (aerobic) (via toluene-cis-diol)	0.0	0.0	0.0	0.0	0.0	0.0	0.0	0.0	0.0	0.0	0.0	0.0	0.0	0.0	0.0	182.64914938587697	0.0	0.0	0.0	0.0
PWY-5180	toluene degradation I (aerobic) (via o-cresol)	0.0	0.0	0.0	0.0	0.0	0.0	0.0	0.0	0.0	0.0	0.0	0.0	49.34612230451357	104.65945651155484	0.0	400.73217532106594	0.0	0.0	0.0	0.0
PWY-5181	toluene degradation III (aerobic) (via p-cresol)	0.0	0.0	0.0	0.0	0.0	0.0	0.0	0.0	0.0	0.0	0.0	0.0	0.0	0.0	0.0	0.0	167.16586856530125	0.0	0.0	0.0
PWY-5182	toluene degradation II (aerobic) (via 4-methylcatechol)	0.0	0.0	0.0	0.0	0.0	0.0	0.0	0.0	0.0	0.0	0.0	0.0	0.0	0.0	0.0	7.178213825668312	0.0	0.0	0.0	0.0
PWY-5188	tetrapyrrole biosynthesis I (from glutamate)	4048.668223744101	45.833867478116325	38.70811311346229	427.8950215283531	241.35	70058.74052505565	83888.2299174992	80358.96792250976	75930.8243275386	38415.92574622243	41135.272373908	51785.93599848438	45585.34938293807	48964.28554641963	33932.23326749892	53119.75742950696	38611.8182405148	72894.83810161903	94240.16104807831	154649.01268605393
PWY-5189	tetrapyrrole biosynthesis II (from glycine)	4047.47	38.87	35.822453889334405	325.4562881403991	241.35	66909.98402504507	79943.78318123016	76631.81303985998	72349.20825720609	36557.86632712553	37608.27289550555	45386.38658047096	40130.14764126253	43739.00145936564	29311.97133015817	36543.6012386237	31315.13602065257	57694.24004018469	75883.11476364321	151738.5697985913
PWY-5209	methyl-coenzyme M oxidation to CO2	0.0	0.0	0.0	0.0	0.0	0.0	0.0	0.0	0.0	0.0	0.0	0.0	0.0	64.9549809436413	43.050022491239424	0.0	0.0	0.0	0.0	0.0
PWY-5265	peptidoglycan biosynthesis II (staphylococci)	3732.029268849724	5640.769070111224	224.0763382782268	1748.606261093165	178.91776243829852	220.8804205431678	215.1735052783648	510.0904754778289	313.58335790150835	224.46921804715305	32980.26969722445	15798.88577784348	19044.269404799987	22160.78368513757	15679.308886037794	8443.026913885618	3515.5930392713817	34904.3498746284	53339.284378952754	1159.660367065015
PWY-5345	superpathway of L-methionine biosynthesis (by sulfhydrylation)	0.0	0.0	8.15374003324545	0.0	0.0	57944.37422899088	67565.00123108193	65643.5120226111	61045.20237000852	31019.369237576127	11879.224953793111	12061.788485570232	11315.592245550972	17775.783484453204	8917.533378379898	24146.08535581173	2278.2451232177214	60.53075110973105	286.0054601933321	0.0
PWY-5347	superpathway of L-methionine biosynthesis (transsulfuration)	4085.6956611725823	593.5274648608187	11.9193349210163	692.8678989176565	58.81776537647788	26041.05237986385	19641.02883503956	21594.022520001385	17730.053983283837	11694.240685888502	118557.27310656216	89844.81507179372	81211.67018196965	68012.53248881965	52072.210046310574	35261.305084841624	4176.717586941212	47344.93361064746	43705.65926235059	1314.0968853320564
PWY-5384	sucrose degradation IV (sucrose phosphorylase)	80285.09169101679	41672.09338384714	412.166495888014	38076.060135108026	23263.780671004573	91792.6663576076	100027.87985754872	100289.95897505656	90222.69938913352	48303.25337350741	146524.49538788057	103972.20055042334	95375.12599412742	86725.79140069407	58195.01081826568	96307.22541903646	57409.96383368575	115018.34078515464	127023.76745910982	180990.10604249567
PWY-5392	reductive TCA cycle II	0.0	0.0	0.0	0.0	0.0	0.0	0.0	0.0	0.0	0.0	5814.211924259256	3166.107574591288	4772.932186364535	4001.41189169332	3079.6164095725053	8621.377815163074	609.613214890859	0.0	72.8459696793274	0.0
PWY-5415	catechol degradation I (meta-cleavage pathway)	0.0	0.0	0.0	0.0	0.0	0.0	0.0	0.0	0.0	0.0	125.79176203439884	15.235558625519973	53.57765710958476	33.243538090821986	3.257935889806004	391.8670446335216	0.0	131.2405761787906	0.0	0.0
PWY-5417	catechol degradation III (ortho-cleavage pathway)	0.0	0.0	0.0	0.0	0.0	0.0	0.0	0.0	0.0	0.0	0.0	121.74365489858651	4.968016689606552	204.175056496194	83.07679463737813	0.0	194.64477483931267	0.0	0.0	0.0
PWY-5419	catechol degradation to 2-hydroxypentadienoate II	0.0	21.969483824554125	0.0	31.270898058591307	0.0	8244.002731717466	5726.887784789583	6404.821376993612	5169.679007605634	3568.8199204015614	260.2361389303751	12.676367488830769	47.86422453868516	30.292601833238763	2.6178026064728828	1991.8726514665316	105.2672571985381	1186.0815792401208	570.5829798353761	89.38010530315367
PWY-5420	catechol degradation II (meta-cleavage pathway)	0.0	0.0	0.0	0.0	0.0	0.0	0.0	0.0	0.0	0.0	0.0	0.0	53.88653987088781	46.29108661599752	0.0	620.1632086941071	90.98527821847944	0.0	0.0	0.0
PWY-5431	aromatic compounds degradation via &beta;-ketoadipate	0.0	0.0	0.0	0.0	0.0	0.0	0.0	0.0	0.0	0.0	0.0	121.74365489858651	4.968016689606552	204.175056496194	83.07679463737813	0.0	194.64477483931267	0.0	0.0	0.0
PWY-5484	glycolysis II (from fructose 6-phosphate)	15685.915510444644	1960.979684766764	204.0507841361854	3369.539530087947	1284.0402456509976	81468.28512843566	90493.14389322	88796.19061472415	81613.77879350346	42614.82518727946	107519.38458392525	90132.08544101423	84458.6492972225	80575.46445920115	56978.158058478526	106023.11032882944	65371.61576110445	126292.68252152402	145659.9840960112	198876.9092349312
PWY-5494	pyruvate fermentation to propanoate II (acrylate pathway)	0.0	0.0	0.0	0.0	0.0	0.0	0.0	0.0	0.0	0.0	2795.0499535668087	1695.560198156949	3223.6347799756563	2059.5450466520274	1585.011808763105	2486.1696825762706	2072.4350746588084	0.0	55.63240842420465	168.7354914460958
PWY-5497	purine nucleobases degradation II (anaerobic)	0.0	0.0	0.0	0.0	0.0	0.0	0.0	0.0	0.0	0.0	11189.441519921796	9760.068164679213	8862.103866179976	15481.208419006489	8622.808510091441	12839.814104172336	595.0151579347885	163.8573488044324	670.7876588219639	0.0
PWY-5505	L-glutamate and L-glutamine biosynthesis	4752.924738187756	239.33369397430428	58.751888111767336	773.8842830473305	290.74573645391825	21613.567219453835	15793.760187230591	17428.096723495084	14267.092116088284	9671.070454348166	100091.36856868726	90501.20145897334	84248.80169904695	78069.40372421521	57928.15250385776	99101.99103161533	61719.2717803081	119226.88892620007	134486.18187335227	203998.56355017773
PWY-5507	adenosylcobalamin biosynthesis I (anaerobic)	0.0	0.0	0.0	0.0	0.0	0.0	0.0	0.0	0.0	0.0	1368.019728574094	0.0	0.0	0.0	1316.3210599011834	0.0	0.0	0.0	0.0	0.0
PWY-5531	3,8-divinyl-chlorophyllide a biosynthesis II (anaerobic)	0.0	0.0	0.0	0.0	0.0	0.0	0.0	0.0	0.0	0.0	56.06181607530656	672.6556340887737	52.73748666419328	773.443899955314	431.61526528076007	549.3721913681989	0.0	88.21126529199597	0.0	0.0
PWY-5659	GDP-mannose biosynthesis	7983.962750366594	1594.7828476728823	200.54848168256532	2077.882424818278	643.0138946936399	16672.46468983892	11558.120066233749	12937.654359941527	10441.425864346513	7210.525158649327	109772.77348050228	93708.84748855968	90033.24233169791	74994.73530077907	56864.88353157038	74743.33017519143	49567.17538178206	103553.03538334648	120455.53579783572	175442.89560589095
PWY-5667	CDP-diacylglycerol biosynthesis I	94845.50458120574	50280.19643149003	512.1911536224151	45743.27794553116	27864.446729441708	111240.3764390602	123326.4971744456	122614.84322161632	111312.6609428418	59889.46648083617	164397.75274464855	126021.32611244844	117498.14839966016	103268.57548039591	74002.5485684194	108864.45104618176	66757.3824908167	133498.11596736216	151318.85609923527	211738.6425974292
PWY-5675	nitrate reduction V (assimilatory)	35.934805335760466	0.0	0.0	0.0	0.0	0.0	0.0	0.0	0.0	0.0	6697.73757165527	7123.14531239113	3950.848542167358	5814.196922445457	1608.5269098679596	198.27162689239125	1716.5515765818566	32.02354626813857	141.89091873029054	0.0
PWY-5677	succinate fermentation to butanoate	0.0	0.0	0.0	0.0	0.0	0.0	0.0	0.0	0.0	0.0	4483.242925028254	937.5051264643758	965.9936204342068	2299.2375282275334	597.3683416566801	1870.9551431653488	33.54172861769199	0.0	149.73296266799832	9.147894154634258
PWY-5686	UMP biosynthesis I	88509.56792209063	47321.4816055522	424.588586232242	43520.841395135634	26342.93790650973	99367.77447461063	108984.17907986754	108807.57827195946	98340.94174771797	53273.28803043848	152526.54456671604	115322.90600995962	108668.88365045996	94196.71043099182	70180.1316085682	99896.4193292055	59158.32286864698	119641.3876415582	136219.573272269	190829.8533903716
PWY-5692	allantoin degradation to glyoxylate II	0.0	12.571428571428571	3.08	24.631738504681216	0.0	86.01534367453768	79.91743779605879	87.43246862953077	75.3186495497544	53.00808641013241	1123.7488617911622	767.5817927805351	647.6256501867498	940.0001492624458	960.927769806698	798.4994895163478	39.95388367322069	89.71787182777467	268.4881070314233	80.6622301344293
PWY-5695	inosine 5'-phosphate degradation	18796.812783290166	1737.2641088871749	212.6828191339343	1495.200526098146	1089.0549304252106	131340.95492303165	157327.98906064898	151045.93040346302	142120.86493017036	69047.43715978626	153302.64604968007	106879.08165717086	99494.0985517081	91062.69610392598	67348.71659807202	89142.7552438302	51718.58169146709	102282.92519036628	115880.39721920788	181756.87235168891
PWY-5705	allantoin degradation to glyoxylate III	0.0	12.571428571428571	3.08	24.631738504681216	0.0	86.01534367453768	79.91743779605879	87.43246862953077	75.3186495497544	53.00808641013241	1123.7488617911622	767.5817927805351	647.6256501867498	940.0001492624458	960.927769806698	798.4994895163478	509.6072356540784	89.71787182777467	268.4881070314233	80.6622301344293
PWY-5723	Rubisco shunt	0.0	0.0	19.875707481721687	0.0	0.0	25826.200257930188	18734.6323139594	20744.30079635754	16922.21410580884	11460.215774544782	8272.407873568965	13302.358016852097	7422.439416504333	12013.499916047616	17765.650110695376	21730.152649595177	1029.194407495866	6329.243731996598	3519.294774695894	115.57057581410984
PWY-5741	ethylmalonyl-CoA pathway	0.0	0.0	0.0	0.0	0.0	0.0	0.0	0.0	0.0	0.0	0.0	0.0	53.12521977825556	71.77175395696025	30.115864460793414	0.0	0.0	0.0	0.0	0.0
PWY-5742	L-arginine degradation IX (arginine:pyruvate transaminase pathway)	0.0	0.0	0.0	0.0	0.0	0.0	0.0	0.0	0.0	0.0	0.0	171.7591683168681	70.59020913221856	221.9571526261747	178.35580321330204	0.0	0.0	0.0	0.0	0.0
PWY-5747	2-methylcitrate cycle II	0.0	0.0	3.08	0.0	0.0	5431.342629639169	3722.758556756533	4174.490616521114	3362.514913319352	2335.6343889450336	232.2303208170915	398.5114146714221	144.1323143461743	305.704809241429	242.5767100230612	176.89163606567828	166.8238425001581	0.0	0.0	0.0
PWY-5837	2-carboxy-1,4-naphthoquinol biosynthesis	0.0	0.0	3.316923076923077	4.298107046574325	0.0	68291.5803144992	79970.22410850524	77390.87221231013	72331.63205075388	37239.85797810493	932.887265672771	4067.7806610261378	2029.629359932234	4537.573192804571	3413.056162447338	3691.9054508472377	294.93599821800154	127.35441328987388	102.1175005177173	0.0
PWY-5838	superpathway of menaquinol-8 biosynthesis I	0.0	0.0	9.677217916036158	14.667649583873787	0.0	34705.633500914046	27409.329449873145	29768.1134448801	24761.81014593473	16104.20349471696	2718.3634324385957	7199.033746376129	4934.035257916043	8620.888102544532	6250.750949505563	5289.06718640694	487.12716073266944	197.1416905069408	196.0806040516061	0.0
PWY-5840	superpathway of menaquinol-7 biosynthesis	0.0	0.0	11.119651074271474	14.732138785351388	0.0	88160.89422264062	100332.51838878063	98512.15020043224	90677.81673168555	48128.03587152074	2735.229977215141	7316.135480575906	4987.162319339673	8758.9651004481	6347.002180998305	5449.090111790025	513.7442033062621	198.03631444933532	212.6964073546387	0.0
PWY-5845	superpathway of menaquinol-9 biosynthesis	0.0	0.0	9.677217916036158	0.0	0.0	34705.633500914046	27409.329449873145	29768.1134448801	24761.81014593473	16104.20349471696	1022.4057619927444	6383.440851263891	4098.883801052566	7764.2216471654465	5750.298692794833	5043.696593023035	474.7032259073892	179.99014555312849	116.5203801722333	0.0
PWY-5850	superpathway of menaquinol-6 biosynthesis	0.0	0.0	9.677217916036158	14.323608515542576	0.0	84294.21056126035	96607.770931996	94630.14624942916	87323.08631463781	46146.5257811603	1022.4057619927444	6383.440851263891	4098.883801052566	7764.2216471654465	5750.298692794833	5043.696593023035	474.7032259073892	179.99014555312849	146.00808274206517	0.0
PWY-5855	ubiquinol-7 biosynthesis (early decarboxylation)	0.0	0.0	4.974127774412052	0.0	0.0	7038.847776229756	4877.230546545122	5456.351860093616	4405.086356680375	3040.5974936348016	3172.48845492648	3348.57474628892	1371.437594826665	3776.1508732081993	2321.524654003485	3946.5788397544216	552.5247774022574	40.83987863536074	0.0	6.635859281719561
PWY-5860	superpathway of demethylmenaquinol-6 biosynthesis I	0.0	0.0	6.507851316144276	9.550492310630272	0.0	83352.33360889764	97496.41011058207	94612.26451692828	88204.19239991915	46064.60726847975	689.1707549069821	4638.989883883801	2938.024682467729	5737.966344052257	4579.261635832798	4930.423071232058	330.948856594341	140.7977978618714	102.87599007042334	0.0
PWY-5861	superpathway of demethylmenaquinol-8 biosynthesis I	0.0	0.0	6.507851316144276	9.779922060207566	0.0	26721.46556695984	20220.002314980095	22169.136048867986	18269.212739607057	12143.752646304652	1866.7376386830235	5292.616101909057	3591.6669817709667	6448.288836205778	5063.52267304356	5290.29663637427	340.017622823935	156.80531362744372	140.90555146480983	0.0
PWY-5862	superpathway of demethylmenaquinol-9 biosynthesis	0.0	0.0	6.507851316144276	0.0	0.0	26721.46556695984	20220.002314980095	22169.136048867986	18269.212739607057	12143.752646304652	689.1707549069821	4638.989883883801	2938.024682467729	5737.966344052257	4579.261635832798	4930.423071232058	330.948856594341	140.7977978618714	81.16671180136807	0.0
PWY-5896	superpathway of menaquinol-10 biosynthesis	0.0	0.0	9.677217916036158	0.0	0.0	34705.633500914046	27409.329449873145	29768.1134448801	24761.81014593473	16104.20349471696	1022.4057619927444	6383.440851263891	4098.883801052566	7764.2216471654465	5750.298692794833	5043.696593023035	474.7032259073892	179.99014555312849	116.5203801722333	0.0
PWY-5897	superpathway of menaquinol-11 biosynthesis	0.0	0.0	9.768564280122384	12.891263370070456	0.0	85861.72332821175	97789.98255008964	95961.65517774566	88383.82518467652	46860.34669652528	2441.6263594969664	6837.578559458925	4537.108457392466	8155.288415169424	5922.818933561703	5143.368861968573	479.1226711499402	185.99799291649532	195.72213046803125	0.0
PWY-5898	superpathway of menaquinol-12 biosynthesis	0.0	0.0	9.768564280122384	12.891263370070456	0.0	85861.72332821175	97789.98255008964	95961.65517774566	88383.82518467652	46860.34669652528	2441.6263594969664	6837.578559458925	4537.108457392466	8155.288415169424	5922.818933561703	5143.368861968573	479.1226711499402	185.99799291649532	195.72213046803125	0.0
PWY-5899	superpathway of menaquinol-13 biosynthesis	0.0	0.0	9.768564280122384	12.891263370070456	0.0	85861.72332821175	97789.98255008964	95961.65517774566	88383.82518467652	46860.34669652528	2441.6263594969664	6837.578559458925	4537.108457392466	8155.288415169424	5922.818933561703	5143.368861968573	479.1226711499402	185.99799291649532	195.72213046803125	0.0
PWY-5910	superpathway of geranylgeranyldiphosphate biosynthesis I (via mevalonate)	0.0	0.0	0.0	0.0	0.0	0.0	0.0	0.0	0.0	0.0	6035.224932411042	2110.009518674038	2185.901114421137	2981.828291531965	2396.5178540879638	576.2034285377	161.63511045327573	258.069038950596	118.83425940682189	81.516985065084
PWY-5913	partial TCA cycle (obligate autotrophs)	0.0	0.0	12.060187680676144	0.0	0.0	8347.050190783484	5826.763649768657	6506.212559191265	5264.765001316332	3649.4371069763088	1532.4398651298657	932.8112450784382	383.66226740207753	1370.9335805207331	707.9494024262867	4744.032221676261	387.3595316844804	0.0	0.0	0.0
PWY-5918	superpathway of heme b biosynthesis from glutamate	0.0	0.0	6.878962630871018	0.0	0.0	17706.862992033544	13200.887644138633	14512.49899745382	11928.01895717386	7963.562477283535	1853.5615478610505	2289.0506448127016	1500.2988353299777	2202.2234097921737	1886.6168292126788	8296.921169192028	843.3973608807541	189.0918839561154	122.23741287256094	23.27520056231429
PWY-5920	superpathway of heme b biosynthesis from glycine	0.0	0.0	0.0	0.0	0.0	14845.270540788442	10869.030082921754	12001.310417510804	9820.405708860728	6617.31383461115	16.721262858650608	1149.4394262534404	598.0326863503107	1104.9075354591305	998.4193199427206	1846.202558492172	0.0	89.90224664075151	0.0	0.0
PWY-5973	cis-vaccenate biosynthesis	3813.67427816982	790.4252444680134	82.11962763901818	1139.5904836767882	261.3310024110759	137781.28542261544	154181.57911104654	152847.50800872638	139080.25853173237	73444.57513555035	161376.24023288622	122362.397963378	114866.97411212596	102714.6263326132	75853.88717999711	100740.45991689982	58324.91371550442	111388.98638396652	123971.37326528442	177695.17552567658
PWY-5989	stearate biosynthesis II (bacteria and plants)	0.0	0.0	8.4624013112164	0.0	0.0	12861.090939652917	8861.542553129986	9927.665952085796	8004.837337615117	5567.415850120184	54003.98508282738	27760.61721132382	25916.372400419925	39250.273795458605	25458.201881120072	27040.913345550085	10324.962105607718	5201.849457667298	194.62306945029647	99.0542257739931
PWY-6071	superpathway of phenylethylamine degradation	0.0	0.0	0.0	0.0	0.0	0.0	0.0	0.0	0.0	0.0	0.0	0.0	0.0	0.0	0.0	3741.5877062476807	139.24522303597587	0.0	0.0	0.0
PWY-6121	5-aminoimidazole ribonucleotide biosynthesis I	6382.707717820463	315.01480820800924	43.72648829752778	6944.302861595435	5281.123777818877	71809.19663042761	73864.60434481397	76110.16149878013	66263.65945117507	35415.9780151143	142621.70392457698	105451.6723753737	99069.17539978409	88061.91541182657	64377.16016809084	91788.34590798304	54270.91651788224	109451.12275705628	124680.2873868601	176190.08397352078
PWY-6122	5-aminoimidazole ribonucleotide biosynthesis II	6781.9545401051255	338.19154660894696	45.37439662579083	8033.375223337258	5907.369816940583	68705.06813596051	70259.77352028141	72630.07646348425	63020.27710728681	33936.168433370905	146057.3631980015	106132.3069202483	100585.1151104718	89186.63832649779	65093.0942561251	93342.11993621723	55476.56643131255	114064.54948700388	127287.85200960551	181122.7400540023
PWY-6123	inosine-5'-phosphate biosynthesis I	6134.719855425487	296.3374815936738	42.12237636382545	5567.67709232195	4330.056657764911	65521.22770966446	66832.12426202695	69070.63271890173	59983.90062104532	32652.926752644253	139731.7995313316	107997.21343229356	102016.67131935514	88490.7826266367	65485.43726302349	90194.38182505828	53142.513366311	102316.093061366	116969.64464308972	159725.38308287488
PWY-6124	inosine-5'-phosphate biosynthesis II	6369.822869604382	308.5937305885739	43.87809426737484	5768.123630492468	4480.225443523849	62645.57387991864	64287.93655757568	66212.12717895358	57716.23383378112	31225.69605876931	141296.48257759484	109732.06024356396	103966.1561988646	90260.37372358824	66728.92550512869	91790.02283057244	53767.41340263431	103089.86377889843	117314.056139957	159880.80090135144
PWY-6125	superpathway of guanosine nucleotides de novo biosynthesis II	6296.865377948076	401.1989390292434	10.60353786133799	592.9666182280249	214.76936764777025	112016.51428320928	123118.08763988515	122770.66199207676	111142.22092999885	60485.60812650556	124991.67604890384	90788.45028051623	84936.80890693692	65312.09926788193	51584.866945055874	18272.67991394237	1855.0536994807048	14487.402994974196	11801.021950760563	299.08555401541673
PWY-6126	superpathway of adenosine nucleotides de novo biosynthesis II	6263.4448752354965	400.9263960463671	10.588123779652715	592.4490507296221	214.6662044900596	62616.460725288445	59690.07656997266	63672.66529074199	53584.56168998772	32113.77797861134	126525.1318121274	91033.512962357	85583.68374729327	65504.648087701295	51289.68483717467	18247.52895896175	1853.3116941879148	14400.610496144023	11731.754542560428	299.0482452130238
PWY-6143	CMP-pseudaminate biosynthesis	0.0	0.0	0.0	0.0	0.0	0.0	0.0	0.0	0.0	0.0	670.1601732993486	38.5522353020507	51.12092838344051	185.39558164974608	45.51140533647336	0.0	0.0	0.0	0.0	0.0
PWY-6147	6-hydroxymethyl-dihydropterin diphosphate biosynthesis I	5308.989770625391	289.26	35.1	384.6267186014319	271.35	97733.29475200312	106986.14521434432	107100.84605164031	96474.41426929532	52097.165344197056	121915.5394306577	88713.37175258344	80582.11239626099	72886.61668301132	52650.68010338703	52731.85474190951	37464.08503019155	74348.48455542013	96992.83216433946	153485.24524820078
PWY-6151	S-adenosyl-L-methionine salvage I	78621.80595856725	41628.2357411213	387.8319637065637	37943.73696139328	23067.584904898467	97346.26548386448	108179.13995226732	107557.0825506969	97561.27809914434	51649.97125508914	123814.61250954882	91755.27158892668	82956.47993405462	70480.34827191028	49482.90467573569	81357.18361704954	55647.50198932338	104810.1048876405	122017.61458425286	179487.26383338313
PWY-6163	chorismate biosynthesis from 3-dehydroquinate	5688.2730936852495	672.1483796397864	78.38631795309621	1059.836655317628	390.4173933607952	86323.9861328923	96733.5349355358	95856.7459725203	87307.25152364184	46123.018782539686	146316.34619201985	114867.65959566168	104767.964766511	95903.22131637987	69126.98291555389	105640.00013805894	66238.88307990086	138823.46070314237	157472.47105249003	220441.388655361
PWY-6168	flavin biosynthesis III (fungi)	76812.28352191602	42134.75202026399	391.14159709538126	38479.870537215655	23447.32684312544	96374.65422719617	106887.0761722714	106323.37613138596	96411.62949797788	51348.77356850628	61895.61782438472	64825.77828288618	56378.20162128701	59664.85134200488	42698.518162977365	38852.014069604935	4102.215531249537	59500.6973463545	62630.58393684169	3156.7167464156782
PWY-6182	superpathway of salicylate degradation	0.0	0.0	0.0	0.0	0.0	0.0	0.0	0.0	0.0	0.0	0.0	0.0	5.665884434535637	147.11810658248973	72.03227516970814	0.0	142.84904534194484	0.0	0.0	0.0
PWY-6185	4-methylcatechol degradation (ortho cleavage)	0.0	0.0	0.0	0.0	0.0	0.0	0.0	0.0	0.0	0.0	0.0	0.0	0.0	27.221490762435003	0.0	0.0	135.36471974670357	0.0	0.0	0.0
PWY-6210	2-aminophenol degradation	0.0	0.0	0.0	0.0	0.0	0.0	0.0	0.0	0.0	0.0	0.0	0.0	0.0	0.0	0.0	464.0124189779893	0.0	0.0	0.0	0.0
PWY-622	starch biosynthesis	127.25623801507017	93.37479453183104	24.46828351672368	1292.313935085087	0.0	35260.336559729265	31331.159748931303	32994.15533215844	28244.727493043178	16387.140025838497	75544.01388360045	89873.43666246504	77793.04107502633	80124.12128101547	57119.17940636333	106986.28031198612	70984.54341851099	141626.7860412533	158990.5815988585	228682.91992506088
PWY-6263	superpathway of menaquinol-8 biosynthesis II	0.0	0.0	0.0	0.0	0.0	0.0	0.0	0.0	0.0	0.0	14791.181259929886	8571.728041391927	9562.266387926367	12007.582858818763	5907.326367167923	211.15746397423516	0.0	0.0	44.37433452506933	0.0
PWY-6269	superpathway of adenosylcobalamin salvage from cobinamide II	4303.319180753688	42.40363636363636	34.00954206173089	640.3277468418179	251.6258230737872	4499.530652371511	3038.0826194807632	3421.967695630796	2746.3341415372925	1926.5627551333323	52315.5135293081	61024.19616457238	56106.61378931078	53554.52362494316	42424.72342885315	65331.501828068685	46588.8419114581	84807.33924996486	99001.30652759231	158009.57213417423
PWY-6270	isoprene biosynthesis I	5963.867684425144	684.690455168544	90.3426333550978	871.3685772312923	358.7947031516683	73866.28126003472	84713.49875248886	82965.52068398836	76526.52348055092	40077.87618093474	80156.40348346332	74575.03545756357	70080.67430925767	66453.86119959754	43638.76282871246	34285.402575210755	7014.392261328208	32851.80051298823	53246.561774517744	734.0095922146048
PWY-6277	superpathway of 5-aminoimidazole ribonucleotide biosynthesis	6781.9545401051255	338.19154660894696	45.37439662579083	8033.375223337258	5907.369816940583	68705.06813596051	70259.77352028141	72630.07646348425	63020.27710728681	33936.168433370905	146057.3631980015	106132.3069202483	100585.1151104718	89186.63832649779	65093.0942561251	93342.11993621723	55476.56643131255	114064.54948700388	127287.85200960551	181122.7400540023
PWY-6292	superpathway of L-cysteine biosynthesis (mammalian)	0.0	0.0	0.0	0.0	0.0	0.0	0.0	0.0	0.0	0.0	3867.067311558679	2092.8085442965985	2694.3842717994257	3901.5626754892583	4037.7736180940456	4048.626530515941	820.8078635264015	1328.580701486292	199.489890475144	543.3887822345735
PWY-6293	superpathway of L-cysteine biosynthesis (fungi)	0.0	0.0	0.0	0.0	0.0	0.0	0.0	0.0	0.0	0.0	4230.638275660776	1917.705897086188	1951.224094801208	3119.072342081661	2100.6475222593813	384.1154672109575	309.51878057050766	21.810457654717432	89.31171667714504	0.0
PWY-6305	superpathway of putrescine biosynthesis	4382.320585379978	794.2463506862298	109.65468394624152	1563.256202087853	333.3399715087492	49895.40562643218	53525.13703321892	52874.85099720677	48282.10128708696	24878.802453274788	29871.538059006954	25449.939642910304	19922.204061637905	25988.35590569421	21154.362095958997	11352.266053428575	3824.629297145629	135.24707319182963	3714.7164920711534	94.0655477886522
PWY-6307	L-tryptophan degradation X (mammalian, via tryptamine)	0.0	0.0	0.0	0.0	0.0	0.0	0.0	0.0	0.0	0.0	3059.350962604011	2813.745476853969	2721.543070398975	1860.9190954211383	1835.357757772406	5001.920017348316	216.2849052908	262.78037917577274	27.74683428545776	11.77469975458052
PWY-6313	serotonin degradation	1188.180684565595	0.0	0.0	0.0	31.762724985484805	43964.15862410285	53574.14577348556	51537.78209550302	48171.83864083867	21727.433618682677	3988.029113253579	3835.4215547928993	4057.819070904645	2436.670649437604	2376.407601432271	6437.706917644357	47.2710106299583	349.9288111860769	36.99155905749508	15.699199365963066
PWY-6317	D-galactose degradation I (Leloir pathway)	90925.63673280228	47556.02591040085	433.8151167420164	43489.90139947082	26468.431598079904	70460.51505606162	71371.7426316183	73918.24630695804	64014.53721234158	34901.0074463712	138635.70081490354	106121.40060638648	97310.571329545	82302.12882953363	58667.98008644171	94846.43092773296	60912.62822881015	122259.09581122016	137092.8827811479	208596.10005466512
PWY-6328	L-lysine degradation X	0.0	0.0	4.0962726906673455	0.0	0.0	5148.320231172745	3476.178235326317	3910.955008922104	3139.977721478509	2204.4246928723155	0.0	0.0	3.3559332444128938	21.598807620885427	0.0	4135.268419760952	226.5054366098045	0.0	0.0	0.0
PWY-6344	L-arginine degradation XIV (oxidative Stickland reaction)	27.72753888144813	0.0	0.0	0.0	0.0	0.0	0.0	0.0	0.0	0.0	15068.163230814054	9788.072516237087	6781.732699369199	10328.874099463716	4276.77842616337	2999.092449758912	2292.2937550770694	98.2663515618239	1592.3448626835036	0.0
PWY-6349	CDP-archaeol biosynthesis	0.0	0.0	0.0	0.0	0.0	0.0	0.0	0.0	0.0	0.0	8.157929884045329	0.0	0.0	0.0	0.0	0.0	0.0	0.0	0.0	0.0
PWY-6350	archaetidylinositol biosynthesis	0.0	0.0	0.0	0.0	0.0	0.0	0.0	0.0	0.0	0.0	10.087074932113124	0.0	0.0	0.0	0.0	0.0	0.0	0.0	0.0	0.0
PWY-6353	purine nucleotides degradation II (aerobic)	4424.733282022923	0.0	109.37871156646776	907.6221392676064	515.0358468927902	36518.48661291101	27636.30035963336	30414.24655838477	24953.29135817533	16391.262882721163	80592.77665740553	60041.39621745409	54842.57933247877	55241.30962755808	34113.63607980867	46836.90186663525	18923.406196445965	38425.52348861942	32807.17513488248	22954.725331661903
PWY-6383	mono-trans, poly-cis decaprenyl phosphate biosynthesis	0.0	0.0	0.0	0.0	0.0	0.0	0.0	0.0	0.0	0.0	681.0151864813766	461.6300756728769	364.6235184697099	340.3146797223107	255.69212845038217	1066.104099504975	8.023183720236652	3078.657600524527	77.96260880101487	0.0
PWY-6385	peptidoglycan biosynthesis III (mycobacteria)	86813.71917102505	46548.14812922219	460.7700429923672	42255.46633326446	25715.423889452413	103048.55764634248	113383.16343394577	113090.50278591174	102321.9024893152	55393.00770850221	162825.42048251137	121210.0326422039	112954.52701129609	98680.73798175337	72978.66207171287	94023.41274633392	55571.69820720448	110659.66471646524	126617.25651855928	168363.65414187458
PWY-6386	UDP-N-acetylmuramoyl-pentapeptide biosynthesis II (lysine-containing)	78458.88593628338	41913.135890142745	416.90371031713545	38080.614232797816	23160.30623710509	92586.18873713656	102210.64784863	101800.7778949213	92243.56820833332	49768.93810246042	151239.21203480373	113767.92027546292	106158.16506654632	93582.52650147656	69655.00835654521	91914.96977918214	54407.7424980208	108185.17825136163	124955.4545720794	173281.70131736537
PWY-6387	UDP-N-acetylmuramoyl-pentapeptide biosynthesis I (meso-diaminopimelate containing)	83491.23711999261	44683.58441679261	444.3170059793954	40592.96759153546	24700.242513507485	97562.9241843116	107195.84648093676	106988.25995643226	96734.56916242852	52430.84016133455	158174.33781099448	117902.80689198618	110051.14657104573	96679.55726248169	71260.96393437275	93712.4911105712	55441.8980213326	110139.77877011406	125402.80754114703	170329.54029543002
PWY-6396	superpathway of 2,3-butanediol biosynthesis	0.0	0.0	0.0	0.0	0.0	47706.45534289772	52398.65817851736	52561.520015539245	47061.51915232336	23460.37344153842	15132.759086476217	4393.260067027829	3029.162788117745	7417.869331530112	3420.54003076654	4505.536416710737	78.31329457231135	3303.315604084522	982.2125049337894	52.19614265930528
PWY-6435	4-hydroxybenzoate biosynthesis III (plants)	0.0	0.0	4.1066666666666665	0.0	0.0	41477.802526220825	51187.32825184318	48373.56810900616	46558.41923498645	24991.30470286596	305.833893601833	804.3652473795855	347.3906695901196	1675.3903104283931	1565.7785171472094	4289.602342822551	309.2837683670235	0.0	0.0	0.0
PWY-6467	Kdo transfer to lipid IVA III (Chlamydia)	0.0	0.0	3.08	0.0	0.0	4507.87	3044.53	3425.23	2750.19	1930.78	13040.649999999998	17284.25	16113.569999999998	18126.14	17422.21	4141.8	224.68	0.0	1032.6899999999998	18.81
PWY-6470	peptidoglycan biosynthesis V (&beta;-lactam resistance)	83907.79736380967	45559.85452751351	431.03409540366056	41340.839681632606	25173.91398721464	89948.93756640563	97158.9118377339	98275.6700576113	87543.19139065598	48233.4759762972	146017.74779777255	99382.22381783782	92146.1559965258	68812.9626462484	51707.39595540815	58993.00252557542	36842.07263374638	59813.164825800486	59072.62302622524	16506.97456332158
PWY-6471	peptidoglycan biosynthesis IV (Enterococcus faecium)	88517.53076791711	47936.932125910746	457.0035244165396	43507.94561139038	26488.306466632446	76062.10580586434	75980.02184713069	79866.61735355073	68223.75260018907	39790.21049310554	60910.737981406695	58935.57479823098	56943.94721028784	39361.53392761637	35461.276182810914	2136.5781859443528	861.4737052585319	31139.11765203524	31573.80621989618	789.0711591760912
PWY-6478	GDP-D-glycero-&alpha;-D-manno-heptose biosynthesis	0.0	0.0	0.0	0.0	0.0	0.0	0.0	0.0	0.0	0.0	6451.487273219787	11388.460421404208	11271.8407185212	7044.857454498617	10959.29659070042	5407.869372937637	256.4184755948064	137.46759026249055	263.28503738503395	75.01156415467952
PWY-6501	D-glucuronate degradation II	0.0	0.0	0.0	0.0	0.0	25571.25	31133.73	29968.06	27983.78	12552.65	0.0	0.0	3.160149255552414	76.09934244092976	2.571770838888661	0.0	138.00873732013292	0.0	0.0	0.0
PWY-6527	stachyose degradation	79980.04418590113	41402.87806947522	399.71151272827257	37925.17124026874	23203.60378143797	64120.91479787007	66402.86236334062	68228.90051258814	59559.8644080819	31626.017586530408	134284.36740164514	105722.15324331378	94989.46209088738	84294.41628722944	58079.96138669138	89944.13832486517	62820.45377528247	136401.06197828348	152511.1315787226	253497.6012404283
PWY-6531	mannitol cycle	0.0	0.0	0.0	0.0	0.0	0.0	0.0	0.0	0.0	0.0	0.0	0.0	46.1031229356127	93.87381476915444	44.05104185879686	0.0	0.0	0.0	0.0	0.0
PWY-6562	norspermidine biosynthesis	0.0	0.0	0.0	0.0	0.0	0.0	0.0	0.0	0.0	0.0	216.08347351066325	1709.090979248488	834.3415850169741	2531.5304175005954	1378.5530975165088	5883.024055027403	364.3528416136376	0.0	0.0	9.558861470453785
PWY-6565	superpathway of polyamine biosynthesis III	0.0	0.0	0.0	0.0	0.0	0.0	0.0	0.0	0.0	0.0	0.0	40.38690387352548	12.759514003598271	66.74511063716528	36.12457000008676	0.0	0.0	0.0	0.0	0.0
PWY-6588	pyruvate fermentation to acetone	0.0	0.0	0.0	0.0	0.0	0.0	0.0	0.0	0.0	0.0	34.588425048601195	0.0	40.34471896632347	25.05026546931616	24.639549045955057	211.7985405945514	267.75228546514813	0.0	0.0	0.0
PWY-6595	superpathway of guanosine nucleotides degradation (plants)	2958.9639525636726	0.0	87.17990865574784	814.9964998199519	385.4526370826586	81304.0677005989	86049.60780215413	87935.11680857399	77332.59371709012	41666.88527859084	27682.03640169954	25996.440683399476	23179.709620318907	24352.34566075622	15775.97892858971	41481.61057716643	35716.43443154075	66372.68181772086	87682.98595483541	231496.2652254818
PWY-6606	guanosine nucleotides degradation II	8133.243924774715	45.98719806061477	224.42288146435	960.377832096059	1095.4543864746124	110740.6398891605	118197.80957221886	119945.53161209922	106503.89748595103	58394.84407012304	50082.68518791157	39947.07477617542	36657.7001876645	39749.84043100729	24447.32376058928	52344.8201181187	39857.84410593639	97127.30943023183	132107.5413263968	293890.6772714323
PWY-6607	guanosine nucleotides degradation I	8133.243924774715	0.0	224.42288146434996	960.377832096059	1095.4543864746126	110740.6398891605	118197.80957221886	119945.53161209922	106503.89748595103	58394.84407012304	30416.257733172064	28513.451217753995	25157.3472907402	26863.216639190872	16867.199099071233	44528.231820234505	35307.37589755556	59085.923039519	76717.10608937374	210049.6723601801
PWY-6608	guanosine nucleotides degradation III	1985.8660091711783	0.0	60.71164604865766	545.3117657888308	257.6909545068576	78245.694956791	84940.77553623165	85990.56833682331	76233.43169357725	39184.2763059925	50082.68518791157	39947.07477617542	36657.7001876645	39749.84043100729	24447.32376058928	52344.8201181187	35761.44114708185	58296.87171346654	76310.70309899478	210574.6508849623
PWY-6609	adenine and adenosine salvage III	18981.2030048732	1740.0962253962036	175.67824435907443	1497.477688901037	1010.3611219092592	127108.1063792426	149903.18472858763	144651.82670815004	135629.06262533434	69787.6069924315	229795.53433578296	158265.3593489639	145529.19032791315	119727.70155973024	79631.98826078865	87290.68288877777	51146.359996366606	93190.4637448568	104407.6405815418	158261.1917064137
PWY-6612	superpathway of tetrahydrofolate biosynthesis	10693.551626547707	522.6289612986097	70.57552130178702	761.8483150864348	586.8580639304388	78891.25292295808	86767.41574092132	86522.74781817092	78199.65970298968	40952.42235166572	132741.66202145698	91718.07279712983	83593.23463829697	74262.33783739555	52043.76084359903	49881.53505847332	40348.24410699323	58762.12097535047	65379.09888357622	70566.76522924581
PWY-6628	superpathway of L-phenylalanine biosynthesis	4971.209195403385	304.75173969341006	64.56502352547334	918.3475971058816	314.8802871942687	59356.79180490037	67673.63354739312	66091.36586796935	61052.09435470463	30497.87680516237	151629.19840291384	121172.83434257148	110947.15950131362	99209.33238069632	73567.05335885756	104708.12301076564	64828.97829942637	131316.88676031918	149648.66747679163	209267.2325860312
PWY-6630	superpathway of L-tyrosine biosynthesis	4963.202097790943	321.00459322193325	64.56502352547334	916.380972220033	314.8802871942687	59356.79180490037	67673.63354739312	66091.36586796935	61052.09435470463	30497.87680516237	150574.81637706666	119064.671768916	109243.88240095244	97465.68784750171	71964.70016261497	102972.160922543	63406.93146229704	129303.43105842586	146401.49390485513	208742.75961326907
PWY-6641	superpathway of sulfolactate degradation	0.0	0.0	0.0	0.0	0.0	0.0	0.0	0.0	0.0	0.0	106.24248642864372	0.0	62.64922540281955	144.04471607408794	98.50821815747418	0.0	0.0	0.0	0.0	0.0
PWY-6662	superpathway of quinolone and alkylquinolone biosynthesis	0.0	0.0	0.0	0.0	0.0	0.0	0.0	0.0	0.0	0.0	476.6347856686072	191.73719121878307	145.13345222853587	420.7791120981968	167.80032561353354	75.03292185928495	0.0	0.0	0.0	0.0
PWY-6672	cis-geranyl-CoA degradation	0.0	0.0	0.0	0.0	0.0	0.0	0.0	0.0	0.0	0.0	6.734841297502167	178.97540533173483	78.11975772489308	184.3660520000172	143.0470615510063	0.0	0.0	0.0	0.0	0.0
PWY-6676	superpathway of sulfide oxidation (phototrophic sulfur bacteria)	0.0	0.0	0.0	0.0	0.0	0.0	0.0	0.0	0.0	0.0	0.0	0.0	0.0	21.723763184579465	0.0	0.0	180.4335401734973	0.0	0.0	0.0
PWY-6690	cinnamate and 3-hydroxycinnamate degradation to 2-hydroxypentadienoate	0.0	0.0	0.0	0.0	0.0	0.0	0.0	0.0	0.0	0.0	0.0	0.0	0.0	0.0	0.0	166.17927745441702	0.0	0.0	0.0	0.0
PWY-6700	queuosine biosynthesis I (de novo)	5205.158403780436	655.4430634928918	67.32000000000001	652.8304309532745	259.9423486547085	63864.62247791448	75189.81598566048	72593.64751733051	68037.45088226821	35036.51370399588	135878.5176085443	101726.03283076792	95196.33098096996	83251.29209461583	61350.55733331697	83359.45091666839	50265.87972921712	98648.02607149749	115290.1234976318	158972.80997282598
PWY-6703	preQ0 biosynthesis	1211.0310940109844	89.00875736623762	5.663069669984285	55.92105226076836	0.0	36832.78891644234	41819.39483296713	40937.83128710912	37627.883007335055	17875.946369878984	94448.6844348274	67759.29413428754	61667.43559388449	48164.21840346197	38566.4781924114	32430.74447258261	16009.140289817657	37620.75027283985	38081.35539979373	6689.241866524981
PWY-6731	starch degradation III	14239.55636038458	612.5745521477855	119.56981416853831	10891.266724614086	8035.768632282415	45530.50480013576	50544.84938143661	49666.00869019437	45542.24582534952	22691.605170641986	101589.00229936885	97300.16806066044	91268.51997042054	81201.10774913456	57075.818950989225	120151.24883105444	80040.85348084953	152377.12573189876	155949.24706342837	216353.65855899712
PWY-6748	nitrate reduction VII (denitrification)	0.0	0.0	0.0	0.0	0.0	0.0	0.0	0.0	0.0	0.0	206.99047966746585	156.83258739955917	82.5383542041486	237.3736027480715	152.19629321303273	0.0	0.0	0.0	0.0	0.0
PWY-6749	CMP-legionaminate biosynthesis I	0.0	0.0	0.0	501.0785757571552	0.0	0.0	0.0	0.0	0.0	0.0	14455.611704858897	19603.77289418647	19734.652100090985	10639.014688613122	14941.375327907332	14670.70454585163	10206.96260632938	1574.1583527178218	404.9490866813563	3608.071681848037
PWY-6803	phosphatidylcholine acyl editing	0.0	0.0	5.663069669984285	0.0	0.0	8838.352671150418	6022.875250465496	6762.351413859915	5440.825856692097	3804.653762377077	1556.5609051374763	742.466786959517	724.8877970331034	1357.619679787178	571.6494449690399	5290.76459094861	156.1863572211496	0.0	72.09657022458067	9.59971016487266
PWY-6823	molybdopterin biosynthesis	4058.4485514673815	38.87	35.1	493.0299999999999	241.35	62973.35907382383	64709.71182987376	66678.55559430084	58053.32979352986	31036.941460913084	41435.40760753092	46906.77539707135	40133.22388392445	45736.31210949252	25723.526896599826	57889.97513100367	41588.40605680394	90545.03596576612	103773.98476628865	155962.4782225052
PWY-6859	all-trans-farnesol biosynthesis	75966.43942224365	41562.32353100252	389.495735565583	37750.47776211121	23050.53297876656	72192.15437829238	74850.61083792032	76503.31019350902	67311.938442995	36665.94345436029	104569.84644255892	64810.23945826907	61934.56039531034	45934.887138549406	28605.973505076865	11547.279343749511	1917.9746655767367	10555.089924864706	19348.092646878064	184.03341520452688
PWY-6891	thiazole component of thiamine diphosphate biosynthesis II	0.0	0.0	0.0	0.0	0.0	37898.044273494976	42864.7837003679	42015.28453117482	38558.71508558971	18351.27205181201	18500.162054946	0.0	18260.41815688306	18090.30168557413	13078.221899567074	26201.234673599218	0.0	0.0	0.0	0.0
PWY-6895	superpathway of thiamine diphosphate biosynthesis II	0.0	0.0	5.440946380661791	265.82792902100863	0.0	57589.018474786666	65931.73642801409	64399.6692363612	59470.95626561019	29761.665345608333	23474.086063949733	20238.155726700326	14976.96237308438	23237.685156717016	19687.78422151432	9526.85963985419	557.5085151774604	122.53764680720104	2805.2328736169748	11.997294247355743
PWY-6897	thiamine diphosphate salvage II	7413.471174769626	111.19947249981094	54.88379218110183	783.1901046542159	426.53944120169535	98786.9002955803	108916.71916817287	108570.74940027446	98299.15397627128	53181.65949889252	60926.63880179344	69611.11601488541	65286.66150722135	65185.6695472406	48659.06474985713	85981.30723846496	56929.33454558637	105832.2247872542	123623.71261894224	186494.13881180165
PWY-6901	superpathway of glucose and xylose degradation	9381.409553156062	501.69949031844186	135.70622460473516	2881.556382388472	772.3004133769484	76188.96068162727	81947.7361641118	82069.66304373722	73790.65124789548	38487.00187422078	27343.73380959809	13990.778898860764	13212.444661611184	20464.52827944716	11617.632056705665	17823.3955118846	3423.2704751669544	7642.041249814741	13888.297903518913	2103.027580691613
PWY-6902	chitin degradation II (Vibrio)	3337.494815035876	62.998665149291625	9.17530676729331	18.012461219259283	98.8774808073891	37580.60010210516	33572.25440703171	36850.03328074912	30048.711174832257	18606.23884262736	5396.714705608717	7325.542469372412	5120.1875368885385	7056.89662071154	5852.808751002997	20858.864049467946	4721.260320375857	20745.44715562159	11920.496276527436	355.4590664946915
PWY-6906	chitin derivatives degradation	0.0	0.0	0.0	0.0	0.0	0.0	0.0	0.0	0.0	0.0	15.702845797857004	2497.8100469274377	1620.030412066402	3196.248592666086	2588.3090725696866	9729.172154686046	481.0599100172444	125.41938153458769	0.0	0.0
PWY-6922	L-N&delta;-acetylornithine biosynthesis	0.0	0.0	0.0	0.0	0.0	11766.269571148594	8393.99309472683	9335.755957233452	7581.175013678118	5167.376456542799	17163.258608951637	4608.240258257085	5309.44098759238	7891.551032174878	3121.487005152919	705.5486093133688	379.0978248271584	0.0	106.1113008082331	7.199890062202017
PWY-6936	seleno-amino acid biosynthesis (plants)	9691.722584141751	491.54684848021503	64.13125442166968	1327.8412477984043	507.0305534408022	81667.75057833274	95171.14260892436	92421.03905277376	85966.96367661405	43656.41088820984	97089.91005560831	68389.32636617219	60810.42652979345	46155.71605820196	36095.78416784367	12805.4377298433	1137.6701792922458	21502.294522032906	19930.232682289046	347.8857596892767
PWY-6961	L-ascorbate degradation II (bacterial, aerobic)	0.0	0.0	5.873006609875722	0.0	0.0	7235.060978540106	4949.491400946237	5551.2449767537255	4470.561651992705	3108.9091864972856	252.170369224674	1946.6957704868632	1445.245271664732	2601.304907272025	1480.1949343171066	5215.10991599151	209.62576277787315	15.903263896184496	68.1550640262603	0.0
PWY-6969	TCA cycle V (2-oxoglutarate synthase)	0.0	0.0	6.912141179542496	0.0	0.0	128.93479714356724	125.6020611080196	298.00223672622946	183.12279400040123	131.11486452460574	19213.821601070635	29429.24434758886	27699.0864262854	30288.933102990108	24368.12581042528	8792.861142261201	1067.7978520938036	128.36777150711802	225.16399173406052	0.0
PWY-7009	2,2'-dihydroxybiphenyl degradation	0.0	0.0	0.0	0.0	0.0	0.0	0.0	0.0	0.0	0.0	0.0	0.0	0.0	0.0	0.0	159.12842776960616	0.0	0.0	0.0	0.0
PWY-7013	(S)-propane-1,2-diol degradation	0.0	0.0	18.27292862166816	978.4409240488756	0.0	26120.433338629657	17877.54110600991	20065.80731555119	16153.533379862372	11256.09441599803	15760.321820454825	13766.626831645044	21343.895241832524	12409.81904754434	10060.126494767264	57007.363252233125	33947.782979824275	70843.33406241008	92385.65818097944	19328.297053727103
PWY-702	L-methionine biosynthesis II	13235.23642157599	618.8797619311456	94.92937665952984	1511.3815924373882	752.1878397114427	69401.51674579448	81735.12514921947	78983.07531163421	73868.49676757783	37308.12388440572	113606.47706378908	82100.94182837721	74859.76067183292	62350.25469795489	46471.52310544223	56651.85390263511	23581.676095185565	50008.221676383495	43920.75464813905	9108.61387668985
PWY-7031	protein N-glycosylation (bacterial)	0.0	0.0	0.0	0.0	0.0	0.0	0.0	0.0	0.0	0.0	303.3045485817537	27.690699778193	17.58989745948957	74.25815080828536	17.67936681010367	0.0	0.0	0.0	0.0	0.0
PWY-7039	phosphatidate metabolism, as a signaling molecule	0.0	0.0	0.0	0.0	0.0	0.0	0.0	0.0	0.0	0.0	0.0	0.0	0.0	128.45763359361868	84.6783371559633	0.0	0.0	0.0	0.0	0.0
PWY-7052	cyanophycin metabolism	1931.9413436822297	406.9440872290917	64.24000000000001	13.010000000000002	163.02	0.0	0.0	0.0	0.0	0.0	18112.43816470361	12852.362867210832	12034.531436348165	14483.432645137518	4287.718148420427	3962.830493841992	1021.9448433461648	147.7181540741599	56.918966297501626	0.0
PWY-7072	hopanoid biosynthesis (bacteria)	0.0	0.0	0.0	0.0	0.0	0.0	0.0	0.0	0.0	0.0	0.0	0.0	0.0	103.681199875013	31.17046743738973	0.0	0.0	0.0	0.0	0.0
PWY-7090	UDP-2,3-diacetamido-2,3-dideoxy-&alpha;-D-mannuronate biosynthesis	0.0	0.0	0.0	0.0	0.0	0.0	0.0	0.0	0.0	0.0	12381.919692989866	3308.542429114503	3880.447891631394	5650.574944836365	2416.02814693149	3317.928741329642	196.12049823347093	0.0	90.62537246433034	49.87608039737688
PWY-7094	fatty acid salvage	0.0	0.0	8.54606839967087	0.0	0.0	82319.73416019665	96907.47318677758	92892.8920456604	87891.12820679865	46312.17127502496	625.583787909004	1257.9075308539948	740.5754058535398	2035.8281506332287	1300.3685813571276	6490.442046302183	884.5788501570619	0.0	0.0	0.0
PWY-7111	pyruvate fermentation to isobutanol (engineered)	4902.153363384887	209.13753204134863	56.13024351180751	1288.2618254678475	304.3711746857488	46041.00954091421	52041.4558573939	51001.38185397412	46819.04020992794	22283.48642893012	172028.81359985648	128866.1173956808	121614.29471182116	100546.23711149636	70693.49648835228	105753.99709459436	65172.354871039606	134392.69951591216	142434.56662040186	192587.42714206217
PWY-7115	C4 photosynthetic carbon assimilation cycle, NAD-ME type	2195.3306715121767	204.06084304515588	8.548245967878852	374.9543964906874	41.48310478919544	9525.47008527333	6599.294420530911	7383.077810460111	5960.92490174766	4123.303034719699	93656.88002897512	63512.33189323467	57161.658628801815	46908.78621413195	30649.92711929772	12151.39934532202	4378.7124330304805	17153.036483190925	16423.522192508786	337.8326370216365
PWY-7117	C4 photosynthetic carbon assimilation cycle, PEPCK type	8320.717585265915	616.1040401975916	121.84890402771713	526.9698926553681	643.1290478563647	12085.503349832145	8534.627511882425	9506.717603886424	7708.115053844308	5259.448198672894	106280.29956604216	68196.84554361393	60033.826275904285	49522.67426778177	28986.06554018114	8035.020024247981	2860.648757938178	10972.669173641349	10149.834132019125	217.4221433809444
PWY-7118	chitin deacetylation	0.0	0.0	4.773953110727697	0.0	0.0	54625.924242623885	64516.02431912517	61643.00158221927	58663.63454265761	32061.453626896822	8.418049693226022	1055.5139259454334	424.37414742565056	1050.0383310532334	819.9753440008853	4940.6826165283765	526.3431116703097	2819.9368917158995	0.0	0.0
PWY-7153	grixazone biosynthesis	0.0	0.0	0.0	0.0	0.0	0.0	0.0	0.0	0.0	0.0	33.80300924585846	0.0	0.0	0.0	0.0	0.0	0.0	0.0	0.0	0.0
PWY-7159	3,8-divinyl-chlorophyllide a biosynthesis III (aerobic, light independent)	0.0	0.0	0.0	0.0	0.0	0.0	0.0	0.0	0.0	0.0	55.44404460583016	530.8916170488556	51.425632167796486	556.2951731017488	372.0368288660023	480.46607968279625	0.0	65.01754019177484	0.0	0.0
PWY-7199	pyrimidine deoxyribonucleosides salvage	5994.504718388128	620.574480976041	92.25159511895356	35.90875443248744	374.24248010054464	56428.49220366243	68760.8832153448	65584.19840504881	62262.87024905791	31404.315771206515	34627.25850641977	27524.368131972	22449.640596828045	29478.09666105319	8029.24688355348	2702.0089971214384	5665.80986255474	462.3133814955858	507.6137678780732	0.0
PWY-7208	superpathway of pyrimidine nucleobases salvage	3728.4234115939857	230.2556337804092	6.128420499169437	341.2517658229513	123.23960088314914	98187.34978410718	108180.25279370126	107905.61954345298	97615.38929286068	52766.64928159921	107135.35340467526	76290.79676269091	72545.88862384878	51844.74929252891	43140.84438639246	12646.513774643498	1089.7056423053164	9469.348285850576	7293.549248433124	176.62187201197236
PWY-7220	adenosine deoxyribonucleotides de novo biosynthesis II	82333.72507163229	41735.49973808827	439.5319366496759	37684.46617293992	23338.184630269003	114944.68414479848	126062.466149499	125969.98755448085	113729.7451786408	61596.23802639487	204947.4504596218	148876.68630987787	132819.03307731877	119693.1458746207	75886.6146419114	27283.079242040894	17878.516594154844	28905.89921744973	40116.768621747215	1992.8937516658511
PWY-7221	guanosine ribonucleotides de novo biosynthesis	88204.31085926286	47723.46399212268	457.4687743537185	43427.879366778376	26385.636349066448	111685.46457216672	122211.8287653836	121831.39113567356	110375.87545559937	60458.8737692048	138897.8297397326	107523.37072049592	99778.65009841872	88082.27574965876	66441.11895244972	94035.5894433941	56320.07454902439	111834.7302883059	129033.0983905159	181911.3271773637
PWY-7222	guanosine deoxyribonucleotides de novo biosynthesis II	82333.72507163229	41735.49973808827	439.5319366496759	37684.46617293992	23338.184630269003	114944.68414479848	126062.466149499	125969.98755448085	113729.7451786408	61596.23802639487	204947.4504596218	148876.68630987787	132819.03307731877	119693.1458746207	75886.6146419114	27283.079242040894	17878.516594154844	28905.89921744973	40116.768621747215	1992.8937516658511
PWY-7228	superpathway of guanosine nucleotides de novo biosynthesis I	5458.183422478148	344.3606902089553	9.12040245553709	509.3893950873979	184.329563004888	117888.19292921212	129544.42632414577	129161.65114202902	116954.8493235294	63736.90809373394	118792.59644015216	85739.08273043329	80516.52834665006	60435.81555570324	48652.624787809946	16024.894588148083	1595.617494958818	12577.731061582508	10206.69882588372	256.3946441555861
PWY-7229	superpathway of adenosine nucleotides de novo biosynthesis I	10169.30054192344	682.6292113566285	17.83364335491828	1004.6561352218654	365.6488272409389	59882.27927240551	56215.25310799608	60378.07343393065	50439.61294373583	30552.706654877777	140815.20565921342	102318.64119599594	95592.95339894653	76635.95002413372	57748.88725469013	25293.686344018995	3059.478038972768	21067.21871104091	18111.692499436034	496.26740175466665
PWY-7234	inosine-5'-phosphate biosynthesis III	2564.546522530406	275.1980974311673	8.165346098547953	5246.841382801957	4215.8416154548	65521.22770966446	66832.12426202695	69070.63271890173	59983.90062104532	32652.926752644253	106028.09784810944	67896.8187150868	63635.0218391621	42637.075389575126	32764.56434481447	10712.465753308932	4144.451317343354	13535.566052519036	13349.497642074772	480.8353271315327
PWY-7237	myo-, chiro- and scyllo-inositol degradation	0.0	0.0	0.0	0.0	0.0	102254.72	124507.91999999998	119849.92	111892.06	50210.6	69422.72	36556.43	34119.55999999999	18545.5	15083.670000000002	9730.82	2725.99	10003.88	4787.98	1216.02
PWY-7238	sucrose biosynthesis II	6887.539300855794	238.38865189546124	68.62545878240606	2052.361638134772	717.5365504214334	7976.171527986032	5628.678582965044	6267.402976094424	5082.900727646556	3455.137166474334	199520.55322439608	158352.9986797565	144331.22714312765	124172.77970330916	85836.25913240756	142014.88319079502	94846.60983195	178350.3299733997	208121.2165284246	317512.8274757068
PWY-724	superpathway of L-lysine, L-threonine and L-methionine biosynthesis II	80400.56469773538	43777.27859078901	419.6317925587403	40022.25535709934	24315.827788179635	80436.60826093059	84910.5953139035	86200.11030106485	76391.84324550492	41139.85817372341	115205.56914756	99765.1432588942	92104.21484770611	86175.69605442275	63498.836895206114	98078.36984182308	60084.02331726635	114556.22997811898	128676.16337287732	193078.7184860012
PWY-7254	TCA cycle VII (acetate-producers)	0.0	0.0	7.632509173951148	0.0	0.0	147.16762564150213	143.39906482451076	339.7050598104116	208.9428162678608	149.53462813292057	2781.1945079535426	1797.5228329082056	755.9653131319176	2598.208078261791	1385.7591618478095	5754.73255602688	80.48977387635229	0.0	0.0	0.0
PWY-7282	4-amino-2-methyl-5-diphosphomethylpyrimidine biosynthesis II	0.0	0.0	20.28684674349145	0.0	0.0	27431.229424042034	20318.425884161923	22436.907057561555	18344.64923716875	12274.265816443558	38798.16187220804	26613.282802089165	20562.006436420364	33728.77667144676	24893.73165941508	20629.3767678044	1666.0963468328234	724.5248605120286	391.56291643006085	1161.211106967078
PWY-7294	D-xylose degradation IV	0.0	0.0	0.0	0.0	0.0	0.0	0.0	0.0	0.0	0.0	94.8426060991225	328.2199995646998	290.1316199232255	378.36174746624687	550.7815954140829	1297.461599071435	0.0	0.0	0.0	0.0
PWY-7315	dTDP-N-acetylthomosamine biosynthesis	0.0	0.0	5.774546368592211	246.2785054325324	0.0	46043.2710517419	52734.89222319768	51413.649600239725	47484.52131959915	22860.61534374063	18622.71256096204	23970.12313548943	22490.209311231403	15040.837648995754	18718.272998490334	53704.12232672693	43520.22169825119	83959.66117255465	101237.8323286498	156363.79884819372
PWY-7316	dTDP-N-acetylviosamine biosynthesis	0.0	21.213524723859614	0.0	0.0	0.0	0.0	0.0	0.0	0.0	0.0	8090.449346800106	2477.8190951885163	3547.94840266334	3679.9164980944265	2724.769872610654	2024.158196949743	1702.8739520684364	249.21698845867635	78.09464770919566	805.7481442502267
PWY-7323	superpathway of GDP-mannose-derived O-antigen building blocks biosynthesis	4905.773153165693	32.41048917217031	102.68853149107824	575.5050142770089	422.79551136505086	15360.60612979382	11031.251751766846	12249.765067251808	9959.65731172112	6699.670091270932	69257.06125517662	56683.27336386832	53565.08446891561	53652.045012890296	32128.117134011187	39360.65859837163	18891.30279537364	12476.115806565076	3848.588647180629	9330.44006681513
PWY-7328	superpathway of UDP-glucose-derived O-antigen building blocks biosynthesis	0.0	0.0	0.0	45.08544998136738	0.0	0.0	0.0	0.0	0.0	0.0	18704.000830157034	13962.740558665337	11782.006310632756	15751.09029902883	16042.126175193012	4831.150625357522	2714.823931682922	1112.8768601612917	6609.643116579423	201.8290458642857
PWY-7332	superpathway of UDP-N-acetylglucosamine-derived O-antigen building blocks biosynthesis	0.0	0.0	0.0	0.0	0.0	0.0	0.0	0.0	0.0	0.0	2311.6065978879064	1010.4189829189688	411.9428396009359	747.5615493894041	379.33397635762	939.6304710498008	0.0	0.0	0.0	0.0
PWY-7340	9-cis, 11-trans-octadecadienoyl-CoA degradation (isomerase-dependent, yeast)	0.0	0.0	0.0	0.0	0.0	0.0	0.0	0.0	0.0	0.0	0.0	566.1642988063585	182.8160691528912	364.4192347098799	363.9389950612126	0.0	0.0	0.0	0.0	0.0
PWY-7345	superpathway of anaerobic sucrose degradation	18629.508557605768	2380.073619220213	231.7167525198984	4064.836587168775	1556.6687820346913	87880.97861256478	94603.01448065658	95221.10640006482	85202.93848430901	45429.10810787576	116692.2634914399	90043.24048094767	83629.47353462719	70635.76064907509	50010.87537555545	32721.948381276736	4325.114235623305	44664.7635784181	70795.54775393197	1235.6991918206627
PWY-7347	sucrose biosynthesis III	0.0	0.0	0.0	0.0	0.0	0.0	0.0	0.0	0.0	0.0	0.0	0.0	0.0	0.0	0.0	0.0	0.0	21.88201023841385	0.0	0.0
PWY-7356	thiamine diphosphate salvage IV (yeast)	8941.861304598311	129.83560705077286	64.19853861704459	948.7101514527168	510.9902426432408	116236.36801382754	130574.46915345172	129528.87640098426	117870.5338915584	63326.45207813896	63371.41120086286	67307.64191712465	64286.26601095872	61541.82710331283	45891.84194012828	77747.55693195858	51836.56537109632	96081.52082659416	113046.4525834264	166645.18880338786
PWY-7357	thiamine phosphate formation from pyrithiamine and oxythiamine (yeast)	11159.855108548783	246.00646910441992	84.46053773260833	1274.7413769563532	717.6279905277054	100626.1944821108	110979.18421422516	110624.18913256808	100168.70051004524	54196.47401723273	71480.48295909532	83265.34352368987	75719.23472860736	78196.53739679762	56903.14260361407	101051.54289182578	62716.90410633871	119884.56600436162	137404.64543388932	208047.18267133253
PWY-7371	1,4-dihydroxy-6-naphthoate biosynthesis II	0.0	0.0	0.0	0.0	0.0	0.0	0.0	0.0	0.0	0.0	8047.036981833841	10874.943692626664	11906.219858621998	10413.524511226447	8481.444024037452	408.0148368656842	0.0	0.0	16.03	0.0
PWY-7373	superpathway of demethylmenaquinol-6 biosynthesis II	0.0	0.0	0.0	0.0	0.0	0.0	0.0	0.0	0.0	0.0	1862.6908828065475	811.6348424019458	822.4970908548405	1013.4443972934432	312.2910451576482	365.0139139585211	0.0	0.0	18.15569120961683	0.0
PWY-7374	1,4-dihydroxy-6-naphthoate biosynthesis I	0.0	0.0	0.0	0.0	0.0	0.0	0.0	0.0	0.0	0.0	9575.472455786496	11874.968379676866	12969.452579157716	11666.441306268784	9111.948223450416	411.4405267467485	0.0	0.0	20.03658812804216	0.0
PWY-7376	cob(II)yrinate a,c-diamide biosynthesis II (late cobalt incorporation)	0.0	0.0	0.0	0.0	0.0	0.0	0.0	0.0	0.0	0.0	0.0	0.0	0.0	198.5316684739992	131.80072879246077	0.0	0.0	0.0	0.0	0.0
PWY-7377	cob(II)yrinate a,c-diamide biosynthesis I (early cobalt insertion)	3703.015721124906	41.37774193548387	36.50901948938575	572.8554656025576	249.36678575220455	4852.5490892564285	3290.0024079355967	3697.4922970257567	2971.593193722742	2075.239083462936	46385.97836490339	53939.13053845491	50636.84229447691	47402.22165072213	36502.94548197716	55046.06482624737	38076.07931791482	62552.45080158604	69190.53139587818	32586.842540117483
PWY-7383	anaerobic energy metabolism (invertebrates, cytosol)	0.0	0.0	0.0	36.094264501050674	0.0	0.0	0.0	0.0	0.0	0.0	16147.34269612184	13089.431572266794	13243.42224151638	16997.785799727983	12068.45647593759	20285.99551791373	3968.765850842818	7786.033114159073	7992.654342625113	2846.4719753493723
PWY-7392	taxadiene biosynthesis (engineered)	8332.401173605973	974.7797126912184	119.57599661380928	1233.8589107938117	516.6803986971803	75162.62539076064	84367.12623255512	83510.10609401442	76136.15922513788	40357.30116502728	89623.71596267997	75856.7608307393	71539.01401014361	63543.99473525192	41829.18060962837	27869.638016782133	5397.913733653763	26474.375212874314	44286.91687933544	550.98410658966
PWY-7399	methylphosphonate degradation II	0.0	0.0	0.0	163.6588235294118	0.0	0.0	0.0	0.0	0.0	0.0	2177.5819752647053	807.4658640456577	1005.157243769954	1074.3248102072562	836.3856496312447	1376.2678999086672	303.96640950618536	820.9280364464692	94.10939682124976	0.0
PWY-7400	L-arginine biosynthesis IV (archaebacteria)	0.0	0.0	29.474804232004946	548.8652703768096	0.0	51736.348624979386	53861.90259625435	54857.807657441175	48360.63905199096	25211.198248719465	84220.76181009221	59666.85540924472	53241.59634848647	60257.19666285908	41581.80959049917	46726.81654026149	15908.18599528011	18888.914730474284	9107.913555347088	13115.789865237024
PWY-7431	aromatic biogenic amine degradation (bacteria)	877.8708993793978	0.0	0.0	0.0	22.1466837595304	33924.712462291136	40504.20076928019	39150.11847385286	36412.24879781471	16605.417109894057	3880.423990694957	3553.2208901736103	3822.5303908127166	2358.3046960578104	2275.7916064747733	6094.003650658515	47.05149396174326	344.8223444976825	36.79540536367848	15.640620511552047
PWY-7434	terminal O-glycans residues modification (via type 2 precursor disaccharide)	0.0	0.0	0.0	0.0	0.0	0.0	0.0	0.0	0.0	0.0	0.0	0.0	0.0	33.24	22.04	0.0	0.0	0.0	0.0	0.0
PWY-7436	vitamin E biosynthesis (tocotrienols)	0.0	0.0	0.0	0.0	0.0	0.0	0.0	0.0	0.0	0.0	0.0	0.0	0.0	0.0	0.0	0.0	0.0	45.10369979610138	0.0	0.0
PWY-7446	sulfoquinovose degradation I	0.0	0.0	0.0	0.0	0.0	4490.538622367316	3028.3988061674067	3407.582663030654	2734.980873482712	1920.0675833644932	0.0	0.0	4.020736815889812	21.29731067685301	0.0	151.70236862342986	0.0	0.0	0.0	0.0
PWY-7456	&beta;-(1,4)-mannan degradation	2684.209706291893	0.0	61.80756006528677	69.18866174803911	257.44216757726343	0.0	0.0	0.0	0.0	0.0	47467.61352129837	46691.91440828155	41188.18582884857	41587.05985920602	27312.434476638315	38374.3530971024	14292.178350931588	43359.31574349509	31395.820769146383	1662.0552469838644
PWY-7480	2,3-dihydroxybenzoate degradation	0.0	0.0	0.0	0.0	0.0	0.0	0.0	0.0	0.0	0.0	0.0	0.0	0.0	0.0	0.0	1991.8726514665316	61.56163456521978	0.0	0.0	0.0
PWY-7560	methylerythritol phosphate pathway II	6341.025949890798	728.5038545442526	94.9830723002408	920.8671944528202	380.5184039729538	76684.45414691298	89450.13473316892	86583.94028986426	80918.28471167375	42002.21551470488	83085.1422156665	81126.61874291563	75726.31394895082	78673.12876710085	53959.18246520105	97014.28913045824	59513.75047145382	109085.06029781896	126016.29950284536	185484.7859214421
PWY-7579	phycourobilin biosynthesis	0.0	0.0	0.0	0.0	0.0	0.0	0.0	0.0	0.0	0.0	0.0	0.0	0.0	0.0	0.0	0.0	0.0	27.160535123042504	0.0	0.0
PWY-7663	gondoate biosynthesis (anaerobic)	4109.084372151547	853.8734134460921	86.89539835813804	1335.8899850999312	284.07841071220207	147579.35137834348	165350.68370809252	163648.47947288386	149359.47380999543	80522.72757131806	167173.67914304836	126767.69690764484	120009.65567164589	107161.63630045108	78712.59595662041	101756.4780258702	58802.55836299449	113568.88913853045	127975.91477228372	182959.73256623567
PWY-7761	NAD salvage pathway II (PNC IV cycle)	5047.517241101918	747.8697652782619	97.92682160224304	871.0832620361139	303.063650118451	10450.275010504736	7261.77048604218	8122.189624492281	6559.376183540313	4542.8170617482965	105261.41691418408	75714.65133823678	71218.80114102781	67069.9016878641	49498.41097123074	73957.74171855832	46293.95941506978	102638.3740681158	119240.69845752246	174172.2897809022
PWY-7783	plasmalogen degradation	0.0	0.0	5.622526912181303	0.0	0.0	14.69600582916042	19.37813315871327	21.41285878514655	21.67425469111613	7.86395261329805	1411.1024302704882	706.6357562953234	687.0039433233173	1216.979836208059	506.8763140464781	1554.6688599438824	153.2547556763848	0.0	69.20969650850492	0.0
PWY-7784	reductive acetyl coenzyme A pathway II (autotrophic methanogens)	0.0	0.0	0.0	0.0	0.0	0.0	0.0	0.0	0.0	0.0	0.0	0.0	0.0	134.34798578600544	0.0	0.0	0.0	0.0	0.0	0.0
PWY-7790	UMP biosynthesis II	88509.56792209063	47335.49998813836	424.588586232242	43520.841395135634	26342.93790650973	99367.77447461063	108984.17907986754	108807.57827195946	98340.94174771797	53273.28803043848	157576.9241570296	115322.90600995962	108668.88365045996	94196.71043099182	70180.1316085682	99896.4193292055	59158.32286864698	119641.3876415582	136219.573272269	190829.8533903716
PWY-7791	UMP biosynthesis III	88509.56792209063	47321.4816055522	424.588586232242	43520.841395135634	26397.715834449216	99367.77447461063	108984.17907986754	108807.57827195946	98340.94174771797	53273.28803043848	152526.54456671604	115322.90600995962	108668.88365045996	94196.71043099182	70180.1316085682	99896.4193292055	59158.32286864698	119641.3876415582	136219.573272269	190829.8533903716
PWY-7805	(aminomethyl)phosphonate degradation	0.0	0.0	0.0	0.0	0.0	0.0	0.0	0.0	0.0	0.0	0.0	0.0	175.9712230534982	218.306646031567	69.63347837105772	4710.134095935299	237.1278430456724	0.0	0.0	0.0
PWY-7807	glyphosate degradation III	0.0	0.0	0.0	46.83179253029377	0.0	0.0	0.0	0.0	0.0	0.0	2761.594582729878	1153.9164409731054	1655.3486915464864	1391.9030699087791	1263.5746866398536	5427.1543270867	599.0294176861535	1432.044957468488	139.59065906946614	0.0
PWY-7820	teichuronic acid biosynthesis (B. subtilis 168)	0.0	0.0	0.0	0.0	0.0	0.0	0.0	0.0	0.0	0.0	237.4360746305345	206.95899484536923	463.3340979085741	765.4282095354678	335.5352435382098	0.0	0.0	0.0	0.0	0.0
PWY-7831	ABH and Lewis epitopes biosynthesis from type 2 precursor disaccharide	0.0	0.0	0.0	0.0	0.0	0.0	0.0	0.0	0.0	0.0	0.0	0.0	0.0	33.24	22.040000000000003	0.0	0.0	0.0	0.0	0.0
PWY-7851	coenzyme A biosynthesis II (eukaryotic)	78159.464084812	41603.19898552464	394.7693873962765	37974.9319669253	23150.5735486597	86243.29999999999	94878.22000000002	94665.93	85612.65000000001	46311.24	133644.84278698536	101938.060099204	94077.94182460546	82095.81219421697	60169.15368057107	74314.80270865078	48347.862470267	99113.06834234936	113542.11133253438	158836.94285065372
PWY-7854	crotonyl-CoA/ethylmalonyl-CoA/hydroxybutyryl-CoA cycle (engineered)	0.0	0.0	0.0	0.0	0.0	0.0	0.0	0.0	0.0	0.0	0.0	0.0	61.80408001584471	72.39953538646307	34.598798067198565	0.0	0.0	0.0	0.0	0.0
PWY-7855	ectoine degradation	0.0	0.0	0.0	0.0	0.0	0.0	0.0	0.0	0.0	0.0	0.0	0.0	20.846145659295352	87.56755564232773	0.0	0.0	0.0	0.0	0.0	0.0
PWY-7873	D-erythronate degradation II	0.0	0.0	3.5200000000000005	0.0	0.0	5151.851428571428	3479.462857142857	3914.548571428571	3143.074285714285	2206.6057142857144	0.0	297.1976325637605	121.188229701939	157.71778463703868	187.9347007313048	94.04810992938827	156.36675594413893	0.0	0.0	0.0
PWY-7874	L-threonate degradation	0.0	0.0	3.5200000000000005	0.0	0.0	5151.851428571428	3479.462857142857	3914.548571428571	3143.074285714285	2206.6057142857144	0.0	297.1976325637605	121.188229701939	157.71778463703868	206.9938903167525	94.04810992938827	156.36675594413893	0.0	0.0	0.0
PWY-7883	anhydromuropeptides recycling II	0.0	0.0	8.947464503820473	0.0	0.0	12779.456122729658	8833.195375253497	9885.044551548122	7979.199592749985	5529.1830672739625	4357.555002971982	9465.0467678875	3655.278132074983	11856.659723738838	9668.140281249023	7573.068387904986	632.059762960597	4932.3565578770185	0.0	14.380865696272924
PWY-7900	glycogen biosynthesis III (from &alpha;-maltose 1-phosphate)	0.0	0.0	0.0	0.0	0.0	0.0	0.0	0.0	0.0	0.0	164.99724787018607	63.16753073586414	70.24434456393503	625.774541317591	185.871198351124	198.80485624233685	0.0	41.39896850292471	65.29042885122202	0.0
PWY-7902	glucosylglycerol biosynthesis	0.0	0.0	0.0	0.0	0.0	0.0	0.0	0.0	0.0	0.0	0.0	0.0	34.58635728425272	37.15014155937688	0.0	0.0	202.91697590422623	0.0	0.0	0.0
PWY-7913	firefly bioluminescence	0.0	0.0	0.0	25.14320068950096	0.0	0.0	0.0	0.0	0.0	0.0	706.3561269371916	471.81038943103545	701.0846843310832	786.0213090913463	573.642564396787	1183.8672216635728	855.2597172399826	3957.416804542231	1182.228206019103	1376.3251366905447
PWY-7942	5-oxo-L-proline metabolism	0.0	0.0	0.0	0.0	0.0	0.0	0.0	0.0	0.0	0.0	12.619453956099818	304.3738961067401	238.252110719594	690.840417524908	302.40899503870526	0.0	0.0	0.0	0.0	0.0
PWY-7948	4-oxopentanoate degradation	0.0	0.0	0.0	0.0	0.0	0.0	0.0	0.0	0.0	0.0	147.88533471073475	14.259356657518044	39.42485919946183	29.16617285257004	8.130504409899412	50.79116016427104	0.0	0.0	0.0	0.0
PWY-7953	UDP-N-acetylmuramoyl-pentapeptide biosynthesis III (meso-diaminopimelate containing)	84415.11401710367	45125.722691393465	450.6346783294719	40991.31150500806	24946.157353730647	99427.21594999298	109221.52583359416	109015.42467463268	98563.76857978548	53439.63317574233	160890.95936868744	120282.9165657982	112127.73393122328	98256.46605465093	72544.89567144986	94998.06752608952	56089.64218544884	110855.2611596557	126363.38771310376	171906.67304216843
PWY-7977	L-methionine biosynthesis IV	12176.24760676625	282.8000553478335	65.93699326481101	2688.598220980699	662.3197165418103	8688.122434835934	5951.110074793063	6675.4062519878735	5375.662762586153	3747.7411632872113	122509.78166089018	110486.99262851848	101977.8494897111	93648.24609492147	69686.20865509669	105928.11383232276	64667.82117095919	124882.97064013526	141902.28828619712	210809.3370464609
PWY-7992	superpathway of menaquinol-8 biosynthesis III	0.0	0.0	0.0	0.0	0.0	0.0	0.0	0.0	0.0	0.0	13962.919536315254	15973.97660776746	15271.883521979158	15972.591373454085	10336.430126206016	969.5060115481142	0.0	0.0	39.77304308612538	0.0
PWY-8004	Entner-Doudoroff pathway I	0.0	0.0	14.960021907995218	0.0	0.0	18331.20101080925	13232.57091315384	14710.502146680625	11945.228164221531	8096.495790684339	675.2870580029031	3244.8768957318366	1266.6236866739862	5152.462576633894	4989.861751519592	6151.0521774546	685.9165635261428	0.0	0.0	0.0
PWY-801	homocysteine and cysteine interconversion	0.0	0.0	0.0	0.0	0.0	0.0	0.0	0.0	0.0	0.0	2877.854191283162	1340.337432537639	1372.6879718452667	2147.3249490003323	1588.9711143809711	1392.94841930654	455.3872528837613	31.53188214938607	81.56824636290558	90.10993163551942
PWY-8011	L-serine biosynthesis II	2231.65	49.87	0.0	184.2953149228308	78.33	27353.820046930297	32461.26755017468	31430.029121060976	29182.206548985465	13337.059604325766	9265.340508110545	9278.237077387204	6053.399073742908	7037.853662811462	4253.144503502187	8643.617861651974	10821.532572307697	8058.211501063423	8114.95	5015.34
PWY-8020	D-xylose degradation V	0.0	0.0	0.0	0.0	0.0	0.0	0.0	0.0	0.0	0.0	0.0	0.0	0.0	59.90308819406384	0.0	0.0	0.0	0.0	0.0	0.0
PWY-8055	palmitoyl ethanolamide biosynthesis	0.0	0.0	0.0	0.0	0.0	0.0	0.0	0.0	0.0	0.0	10.31597645246604	271.4521716352686	117.10643442710266	328.84253967836224	215.67721715858775	4458.093181175112	145.6505980134967	0.0	0.0	0.0
PWY-8073	lipid IVA biosynthesis (P. putida)	0.0	0.0	3.08	0.0	0.0	4507.87	3044.53	3425.23	2750.1900000000005	1930.7799999999995	12897.253746222415	13696.01239927871	10780.053668468714	15722.520554482826	14852.65622457754	4196.986882180208	226.4460828232008	24.20303879947345	1083.59120613164	9.700713048250554
PWY-8085	picolinate degradation	0.0	0.0	0.0	0.0	0.0	0.0	0.0	0.0	0.0	0.0	0.0	0.0	0.0	49.00856798696238	30.880735414375543	0.0	0.0	0.0	0.0	0.0
PWY-8131	5'-deoxyadenosine degradation II	0.0	0.0	0.0	125.27963600249676	0.0	31740.68213484256	38464.383898985405	37076.68537921695	34589.36479625324	15712.901914989085	10920.65215595278	10958.60325157241	9731.592548784693	10303.031401228887	10329.673322053706	38091.881023831214	19024.40620096605	53978.00138141884	81700.01152990204	148243.26788340544
PWY-8178	pentose phosphate pathway (non-oxidative branch) II	20914.563763243827	1997.7257189621516	269.6964476735818	4124.147970381541	1492.4630730920626	102258.82049793946	111342.7039061274	110723.90363048446	100523.17757540169	53979.761562675856	193251.90027010263	159278.77954498393	146610.89772078718	130430.35735945847	98263.64910069916	184707.864978121	115929.44067208076	217978.99974011863	244629.96108719573	297412.6733215861
PWY-8187	L-arginine degradation XIII (reductive Stickland reaction)	76071.69876783877	41340.42347366458	354.66335363505664	37403.95182968744	22853.856478346515	66638.93431960193	74781.80376552453	75174.09732228726	67302.91536142424	35580.91104636169	36406.91562081491	14731.955685005352	14813.63641122338	21891.83770258089	14866.228735963465	17843.1658536652	4318.940429751036	1014.037595932487	15731.91522360184	327.8036286122494
PWY-8190	L-glutamate degradation XI (reductive Stickland reaction)	0.0	0.0	0.0	0.0	0.0	0.0	0.0	0.0	0.0	0.0	12012.476367788242	5386.797600357751	6402.075919034426	9096.775737685775	4596.268295776424	16301.630035959202	400.23569258063424	0.0	7653.450041865575	235.64463642249345
PWY-821	superpathway of sulfur amino acid biosynthesis (Saccharomyces cerevisiae)	0.0	0.0	0.0	0.0	0.0	47280.20778456289	56697.803348414	54409.388564368055	51287.4961836579	25621.213259426026	1861.716199348019	5092.32683840461	2944.672235051806	5157.500062201718	3817.3496648871537	1124.7420361961963	707.9614612694123	0.0	0.0	0.0
PWY-822	fructan biosynthesis	72284.95999999999	41156.45	337.29	31807.6	18244.8	25571.25	31133.73	29968.06	27983.78	12552.65	1178.39	1321.4	1426.45	1184.38	1200.1799999999998	11929.330000000002	6987.099999999999	19149.97	23925.31	3024.23
PWY-841	superpathway of purine nucleotides de novo biosynthesis I	5866.42244234481	333.92064624835774	13.847660261047816	841.8587252320693	313.85636365317333	84125.02227060139	88734.87664174542	90281.9418366796	79809.0403333426	43091.85615684801	128445.99736084418	94112.96405316005	88729.15039150686	70253.29148678844	54656.51228285251	24809.003771566862	2730.924569891556	20172.44880491305	16756.356045660155	448.1515676457127
PWY-922	mevalonate pathway I (eukaryotes and bacteria)	0.0	0.0	0.0	0.0	0.0	0.0	0.0	0.0	0.0	0.0	4282.637712284481	1486.3932286503548	1540.865328906693	2110.598727829374	1697.8922823775813	404.1821940693016	113.25382000120332	180.79017601505075	83.2097104580545	57.07066890345419
PWY-I9	L-cysteine biosynthesis VI (from L-methionine)	2811.3150746749943	517.0483128574426	7.610592900797855	496.6526750979329	37.46350347157513	69394.81239771377	75265.78127653644	75636.95019243396	67778.8826311394	36122.81057725413	109184.04727844996	77189.37690782723	69591.70111635483	56876.6428081648	43532.04184887178	57941.4532711664	22768.21625125893	47100.11557583593	40472.99858258962	7699.927528408724
PWY0-1061	superpathway of L-alanine biosynthesis	2904.482730237769	491.0970749265342	16.104812136192944	584.5236719555363	39.96138531544496	21209.3156653725	15001.722000234282	16720.410401335525	13547.00909541794	9253.922351250794	123155.66435825192	81033.24025210677	73056.93125015033	58388.9836783112	44790.13338801314	74400.66969026727	48422.84452949477	114142.32859890792	129692.43437905949	192234.38618967068
PWY0-1241	ADP-L-glycero-&beta;-D-manno-heptose biosynthesis	0.0	0.0	3.4222222222222225	0.0	0.0	6199.184520166734	4254.822501277528	4768.178016082682	3844.127340133637	2683.590978027927	5030.6450276332935	15940.429771746914	13717.081824990935	14950.497626370889	16483.684708251323	4655.060698186464	237.0355607847479	0.0	1047.4228787587451	20.28296417141412
PWY0-1261	anhydromuropeptides recycling I	0.0	0.0	8.947464503820473	0.0	0.0	12779.456122729658	8833.195375253497	9885.044551548122	7979.199592749985	5529.1830672739625	27624.573359199272	17606.755937236634	10505.204733096123	21612.804550983685	13720.12619427686	11187.234037655746	2113.352461604324	4932.3565578770185	193.7997704846576	138.48500334345826
PWY0-1277	3-phenylpropanoate and 3-(3-hydroxyphenyl)propanoate degradation	0.0	0.0	0.0	0.0	0.0	0.0	0.0	0.0	0.0	0.0	0.0	0.0	0.0	0.0	0.0	260.45545542499093	0.0	0.0	0.0	0.0
PWY0-1296	purine ribonucleosides degradation	14539.199756797289	1309.6532947379455	137.180622160525	1126.8559446690945	760.5582439343975	23450.72714572767	16811.661178898754	18711.56360113244	15189.112109444291	10351.152294647402	138384.3293037555	91047.48961342098	85081.90648632126	63316.94613378298	42477.25531976837	38753.57488366205	13206.26014283416	27716.132408657733	21206.12080135987	13042.652708317708
PWY0-1297	superpathway of purine deoxyribonucleosides degradation	18284.055769535466	1728.235022160214	165.33169366354088	1487.7570080843077	1003.0993411564252	55474.38433784853	53849.61788737936	56981.43274424991	48359.17507747253	28632.65204244025	139648.8517074328	99828.72052361265	91343.82628158928	75744.44575603343	48816.73466986326	62138.98478202204	45468.6565367768	89228.12615533924	99484.4928679828	169175.75827633453
PWY0-1319	CDP-diacylglycerol biosynthesis II	94845.50458120574	50280.19643149003	512.1911536224151	45743.27794553116	27864.446729441708	111240.37643906024	123326.4971744456	122614.84322161636	111312.6609428418	59889.46648083617	164397.75274464855	126021.32611244844	117498.14839966012	103268.57548039591	74002.5485684194	108864.45104618176	66757.3824908167	133498.11596736216	151318.85609923527	211738.6425974292
PWY0-1338	polymyxin resistance	0.0	0.0	3.08	0.0	0.0	4507.87	3044.53	3425.23	2750.19	1930.7799999999995	0.0	34.57505955136262	2.1124548731442547	74.47531547585126	21.881389439711636	3313.022434036909	97.74884042599282	0.0	0.0	0.0
PWY0-1415	superpathway of heme b biosynthesis from uroporphyrinogen-III	0.0	0.0	3.08	0.0	0.0	6512.0735608935765	4470.028380049396	5010.426238358068	4038.0753862093984	2812.3735858794284	12.554311024889945	1522.4524533173608	597.4901237519139	1951.197232412575	1070.0003101619816	4007.502725854196	300.81652346490847	105.57829637255988	0.0	0.0
PWY0-1477	ethanolamine utilization	51.35158677871412	0.0	12.227623244151228	0.0	0.0	17619.49569440055	12009.996060157133	13490.323914092136	10852.215941816925	7578.213657454108	7585.88531547035	16439.378116782726	17447.600680447813	10709.140823681651	8504.839577801436	16869.163205348992	5271.97619660449	92.77259253120506	472.4368728708215	252.16983009530296
PWY0-1479	tRNA processing	0.0	0.0	8.75586172787155	0.0	0.0	12063.39190290167	8525.223869709263	9499.30488292946	7700.968810460268	5289.655407219738	1360.540056642218	9298.611650610968	4083.491895958422	11797.599906969011	9387.142398373902	7616.379527428869	623.7565620536781	136.52926238432823	0.0	0.0
PWY0-1533	methylphosphonate degradation I	0.0	0.0	0.0	171.21230769230772	0.0	0.0	0.0	0.0	0.0	0.0	2279.0121461693584	953.8338502298578	1353.2334575788436	1190.752173413558	1028.5209501908123	4273.391474366723	570.734544529895	1160.5258217870278	114.12785308924023	0.0
PWY0-1586	peptidoglycan maturation (meso-diaminopimelate containing)	193699.54564808155	101658.37257080695	1091.544337801935	91816.98919645096	55853.78444709628	399163.2653722379	454681.0481064671	445808.84313365154	410799.2720091722	215915.7124634687	425394.8280168316	316237.9789536206	286099.9358741268	242338.3622213984	181446.23552252987	193209.2923167745	111157.46918660852	234803.0031033156	270181.604171778	295310.3975658632
PWY0-162	superpathway of pyrimidine ribonucleotides de novo biosynthesis	3759.7721163077376	393.6794803668001	9.109833069549794	52.17121183230158	60.09591786351604	17515.25199364852	12523.358741092025	14009.42662593175	11348.553147062024	7757.967966339823	115512.4680936104	76178.50775332798	70661.19340695615	53846.33201815818	41062.29913320616	14382.578753715328	1420.389173907182	14958.752827152468	11514.895754719237	284.2000975658621
PWY0-301	L-ascorbate degradation I (bacterial, anaerobic)	1444.3456815344682	681.0906277777544	54.9437171821522	78.73857335279493	0.0	14531.326584296758	10136.817435163288	11315.077832988443	9154.415557590071	6273.499651386501	90982.73659115414	53743.63556782794	47938.04181742019	30495.43384495733	23086.69496111821	12162.170870165432	1391.37724173704	1721.264058192235	989.6426525968697	838.6320870060357
PWY0-321	phenylacetate degradation I (aerobic)	0.0	0.0	0.0	0.0	0.0	0.0	0.0	0.0	0.0	0.0	0.0	0.0	0.0	0.0	0.0	3905.802455703092	156.06665396592754	0.0	0.0	0.0
PWY0-41	allantoin degradation IV (anaerobic)	0.0	13.75	3.08	23.256246287641908	0.0	107.42899041458418	99.8328140439372	109.21104558447118	94.08508937234816	66.19037737688804	1001.5666647878916	723.1952345339524	644.8704176943604	895.3373747525596	863.8957793103937	921.0879438802472	49.618652065750425	110.89082427553544	323.90442942186473	99.69240557998543
PWY0-42	2-methylcitrate cycle I	0.0	0.0	3.08	0.0	0.0	6830.656305667027	4789.774414060486	5343.331124303736	4325.602652419918	2955.3184852632057	369.28898372881554	676.7101257458936	311.6860865467015	678.3674044867654	555.8406340081248	245.2115240769044	166.8238425001581	0.0	0.0	0.0
PWY0-781	aspartate superpathway	7189.020881689058	487.38756116999264	24.62965063757418	1358.5707439337518	125.44163079057252	0.0	0.0	0.0	0.0	0.0	111350.5838243718	88017.8080088218	79020.8050383585	69203.06651662345	49673.00286976739	35854.76509606639	5573.008757781882	36477.35914770096	34063.59454014049	748.219152432948
PWY0-845	superpathway of pyridoxal 5'-phosphate biosynthesis and salvage	0.0	0.0	6.318557747732736	0.0	0.0	8947.240497833012	6146.980962248988	6890.39823480347	5552.72256083035	3866.7788214666234	15980.094144211813	7888.483220895158	6875.396724077514	11979.347025717514	7223.795913668588	7610.582999847035	516.3724479176794	0.0	152.7642607372032	0.0
PWY0-862	(5Z)-dodecenoate biosynthesis I	1957.66953356824	321.9505707598606	8.636409841954316	0.0	0.0	12792.4766794974	8823.744844464087	9884.620921004023	7970.265165579677	5538.434871285924	113800.78494512304	74540.04445758607	68390.3464303261	48794.99855087289	38577.97595313332	8243.67122325567	341.74518163107444	13491.05579341238	13285.635449069508	233.9803439839444
PWY1G-0	mycothiol biosynthesis	0.0	0.0	0.0	0.0	0.0	0.0	0.0	0.0	0.0	0.0	152.82225627194632	0.0	0.0	0.0	0.0	0.0	0.0	27.282411977047136	0.0	0.0
PWY1ZNC-1	assimilatory sulfate reduction IV	0.0	0.0	4.7454156140984	73.17588611512276	0.0	56731.25276182843	66065.37798880613	64226.9837151041	59408.174951638684	27513.02179251014	7404.997242929023	23766.830612218204	18198.1461280249	19229.79641377529	14795.345699116047	51743.13081463109	41120.12914299767	85406.44718405697	120692.47297980369	175218.21675101097
PWY3O-4107	NAD salvage pathway V (PNC V cycle)	3187.104484933343	684.0525881365315	65.08023353652032	12.927833099558963	157.49205322574332	0.0	0.0	0.0	0.0	0.0	21380.90498005062	25519.91282230066	21757.20137321541	20334.66692914298	18043.1524154546	13863.523299410434	9941.220234172102	7225.004834212839	5418.380880894145	923.080473798112
PWY490-3	nitrate reduction VI (assimilatory)	8215.966828347484	116.50188561553652	46.45342170008612	318.09056762593906	424.2331481648881	0.0	0.0	0.0	0.0	0.0	36733.88670028477	41535.876094315296	35239.5720123298	33340.086061269096	20487.022467726005	31486.50769980877	26957.175136792568	29737.219768309114	40475.60059659026	7807.714131191671
PWY4FS-7	phosphatidylglycerol biosynthesis I (plastidic)	88282.48780329632	47099.65403544052	470.4917060047359	42830.684713530594	26074.44684665011	101439.8131374798	112120.43654963022	111629.14733994375	101187.52025462608	54557.47276849167	150523.43420702734	111962.8506513256	103529.82834013135	91160.92585143595	64444.766491112176	101950.7251225758	59927.09573721213	118645.82973570112	136009.28340104222	190575.7044288363
PWY4FS-8	phosphatidylglycerol biosynthesis II (non-plastidic)	88282.48780329632	47099.65403544052	470.4917060047359	42830.684713530594	26074.44684665011	101439.8131374798	112120.43654963022	111629.14733994375	101187.52025462608	54557.47276849167	150523.43420702734	111962.8506513256	103529.82834013135	91160.92585143595	64444.766491112176	101950.72512257578	59927.09573721213	118645.82973570112	136009.28340104222	190575.7044288363
PWY4LZ-257	superpathway of fermentation (Chlamydomonas reinhardtii)	0.0	0.0	0.0	0.0	0.0	14577.329814330582	10135.361309930006	11387.486645812656	9145.938564340146	6348.798052220845	21.045678410535498	679.1378445066127	244.2573717072748	757.471181531538	532.0048690723529	11767.137235513856	388.9859719281584	0.0	0.0	0.0
PWY66-367	ketogenesis	0.0	0.0	0.0	0.0	0.0	0.0	0.0	0.0	0.0	0.0	49.69059807679376	0.0	64.19503748423287	47.55314630552709	39.1319382357775	205.96387342384529	122.48899762382496	0.0	0.0	0.0
PWY66-373	sucrose degradation V (sucrose &alpha;-glucosidase)	0.0	0.0	0.0	0.0	0.0	73.43320519753078	71.39617112791278	76.82028886281188	103.75829229408583	74.30592170536272	0.0	0.0	3.379957365001818	0.0	0.0	215.4777552349829	0.0	0.0	0.0	0.0
PWY66-389	phytol degradation	1961.6131802102132	0.0	54.74884228719705	538.9205568895546	223.94252522244847	200938.47016895545	241051.15989723132	232741.2551872917	217467.4955630442	106009.53241509458	67008.31638300933	52828.91075096215	48937.52876609883	50609.857408361175	31861.58355260084	62270.27197356375	44213.4797431244	84810.94432091463	100519.3821361986	158353.80576734935
PWY66-391	fatty acid &beta;-oxidation VI (mammalian peroxisome)	0.0	0.0	0.0	0.0	0.0	0.0	0.0	0.0	0.0	0.0	0.0	902.065542194376	302.55297328353134	566.4431467340745	576.441861249501	0.0	0.0	0.0	0.0	0.0
PWY66-399	gluconeogenesis III	0.0	0.0	0.0	0.0	0.0	0.0	0.0	0.0	0.0	0.0	22485.80627058255	17725.57444353149	17818.186694357435	21359.69179636112	15351.15521557848	11104.261877624776	1649.6916746656834	1076.996131894555	1371.4071196299865	153.12985372676394
PWY66-409	superpathway of purine nucleotide salvage	0.0	0.0	0.0	0.0	0.0	0.0	0.0	0.0	0.0	0.0	14294.483641935569	6042.457069826597	9046.180911296207	7219.892154215976	6991.219109216296	10062.125110710796	2432.617341590212	461.5962498895154	0.0	451.5449032747918
PWY6666-2	dopamine degradation	0.0	0.0	0.0	0.0	0.0	0.0	0.0	0.0	0.0	0.0	4.21	109.13	48.99	115.87	89.97	0.0	0.0	0.0	0.0	0.0
PYRIDNUCSAL-PWY	NAD salvage pathway I (PNC VI cycle)	3562.667057009306	215.4222468219924	64.5651227186158	17.81886971062722	184.57269244402667	0.0	0.0	0.0	0.0	0.0	27339.086167258996	30230.205778865864	25898.39210073099	23316.487190927004	19828.49438480654	13978.5258564225	8660.313627032254	8269.294964473962	6876.210021609751	366.413613444536
PYRIDNUCSYN-PWY	NAD de novo biosynthesis I (from aspartate)	2149.076304761382	88.292077788985	55.22363509502022	727.118057388287	267.1280245567952	40678.52862834376	45938.035563739366	45064.9840822154	41337.47570912616	19976.73546537044	53849.581988339465	46794.6452403014	39696.99100779985	48428.97680034147	28202.49483218145	70498.2410312197	48109.070164508536	97830.6775835819	114813.92572932152	173821.56202463576
PYRIDOXSYN-PWY	pyridoxal 5'-phosphate biosynthesis I	0.0	0.0	3.8669247648706944	0.0	0.0	5603.189538616291	3807.438652680183	4278.215351263722	3439.2109966088437	2405.7596000920557	10702.128796601892	4725.751350578671	4405.390649989475	7501.609772133259	4171.461787577114	5253.08090005667	340.0594549362113	0.0	118.01144553447158	0.0
REDCITCYC	TCA cycle VI (Helicobacter)	0.0	0.0	6.907131602906884	0.0	0.0	128.87356601296395	125.55623545931142	297.7303886238258	183.0155127920169	131.00664478975776	900.7333054027056	543.4615381845116	223.96237521723955	808.2596807464283	416.0025097852484	8162.135247177256	268.58122373528954	0.0	0.0	0.0
RHAMCAT-PWY	L-rhamnose degradation I	0.0	20.66156904267861	3.990603780510185	95.83178065595432	0.0	33971.81451384575	38792.57835869634	37863.11821763728	34875.30073167111	16385.326133726925	8417.020814178222	8928.510871646304	8905.395559954888	9568.22146917734	7614.597613050732	12085.674241753934	10231.463558638585	8875.906882318613	4604.290053197262	9795.495574033015
RIBOSYN2-PWY	flavin biosynthesis I (bacteria and plants)	76813.14625353464	42134.75202026399	391.14159709538126	38481.427818662094	23448.46468927093	96374.65422719617	106887.0761722714	106323.37613138596	96411.62949797788	51348.77356850628	61905.04766455516	64850.50317272963	56388.82104246463	60641.32437997194	42914.491789198975	60765.0098859349	39665.65542474005	84470.74092142168	106091.99237033668	156369.96670058847
RUMP-PWY	formaldehyde oxidation I	4745.108219030001	427.105959049116	9.091642926335185	11.097814299986553	50.92456557755599	50342.03246110556	54965.7321218146	54937.99209006053	49396.562554352175	24632.04384079536	12318.02979035328	5934.518084969353	5611.694432906841	8749.167177202607	4937.464108709833	7053.094378983641	1836.4795147897275	3966.398032135646	5975.763107252379	745.7120446320791
SALVADEHYPOX-PWY	adenosine nucleotides degradation II	8406.395458233148	0.0	187.1573990630912	909.7338192635071	912.8920158787432	130640.5622148792	157004.07955519712	150816.46636773762	141681.5790638605	67704.25305728837	97611.31803580688	67984.46668656298	58504.34608222086	75723.74926231656	32771.84115007578	66311.58223053731	35972.74888950808	53749.70586348391	68101.70595839088	177053.94005471558
SER-GLYSYN-PWY	superpathway of L-serine and glycine biosynthesis I	11623.43562096487	522.9112793934393	64.39678580445985	1011.4907558817348	374.25380855404165	102551.648509705	112560.46608633068	112525.42570378458	101444.44186628102	54039.90002436577	141189.46514785272	105371.76031481814	99614.25469668936	88534.65331331383	68795.75221857165	87780.81185585773	50993.936220961215	110567.10567471388	124985.63533911946	181213.627127593
SO4ASSIM-PWY	assimilatory sulfate reduction I	0.0	0.0	4.1066666666666665	57.18857142857142	0.0	57839.295338060365	66821.8391107796	65081.70084590794	60093.84441236803	27991.351697381117	5320.137723902293	20018.92416451212	15698.16096919818	16840.006301666766	14795.345699116047	51743.13081463109	41120.12914299767	85406.44718405697	120692.47297980369	175218.21675101097
SUCSYN-PWY	sucrose biosynthesis I (from photosynthesis)	0.0	0.0	0.0	0.0	0.0	0.0	0.0	0.0	0.0	0.0	0.0	0.0	0.0	0.0	0.0	0.0	0.0	51.044974327186914	0.0	0.0
SULFATE-CYS-PWY	superpathway of sulfate assimilation and cysteine biosynthesis	0.0	0.0	7.509630663740634	119.35805745342128	0.0	71598.18812234057	82439.5966886216	80500.81974616229	74209.9782160355	35604.99813163316	11425.867778353351	36492.72430855963	29421.6508933067	30665.967410648293	26002.573066831617	68883.4445265859	47976.52585217705	99548.28514499738	126182.76181858683	176583.3785471607
THISYNARA-PWY	superpathway of thiamine diphosphate biosynthesis III (eukaryotes)	19539.88765443176	489.1485052700661	141.3275250536661	2466.8780424750307	1392.1690289326684	90856.46804302592	100945.42085867806	100496.26919942773	91096.38623824187	49079.18873056377	95256.30046085294	92020.80381296756	85208.22738350873	81299.23904865986	57650.25380991386	90360.54822361564	56251.76822775706	108445.29413528196	125110.62169746838	181596.8586599492
THRESYN-PWY	superpathway of L-threonine biosynthesis	83058.71975921675	45247.58836150378	429.1410872826261	41390.41423718215	25214.009231210355	85812.14730510798	90023.95416430234	91577.46714184842	80934.85044805547	43237.31239884544	153184.78535484258	119348.17978325296	108602.19871466748	99808.7419336449	71356.28680862612	102362.96672374757	60006.30512511879	120824.52497714836	136065.99520065612	191273.78745357107
TOLUENE-DEG-3-OH-PWY	toluene degradation to 2-hydroxypentadienoate (via 4-methylcatechol)	0.0	0.0	0.0	0.0	0.0	0.0	0.0	0.0	0.0	0.0	0.0	0.0	0.0	0.0	0.0	4.524300299061864	0.0	0.0	0.0	0.0
TRNA-CHARGING-PWY	tRNA charging	29038.046011654136	4218.640243569794	287.6109697852862	5566.112634184591	2316.9771636578544	32424.560117790727	24930.66106145337	27281.60499967872	22514.22039706219	14819.625890870777	136401.98606347822	107615.51012094624	100806.1239896227	89542.3063621188	64803.69822848719	92654.21728409769	55522.65338025239	107379.2865532174	125149.11423759512	171652.83392622462
TYRFUMCAT-PWY	L-tyrosine degradation I	0.0	0.0	0.0	0.0	0.0	0.0	0.0	0.0	0.0	0.0	10.248226038050648	220.4250442985748	101.02847574225476	239.5569258595664	180.27544762600323	24.68154902113085	176.62173913043478	0.0	0.0	0.0
UDPNAGSYN-PWY	UDP-N-acetyl-D-glucosamine biosynthesis I	78988.08881507117	41814.60857621233	428.9136747295676	37881.93835183084	23241.09382932632	90621.5111334014	98947.36450038028	99105.25959465842	89254.29934329426	48554.37801121979	137453.2140236219	108637.22559698984	97644.95638040888	88727.12507886194	61150.0476624321	72966.72408506225	35372.40278978916	45842.25938670174	45658.574935489545	9338.73749512868
URDEGR-PWY	superpathway of allantoin degradation in plants	0.0	12.571428571428571	3.08	24.631738504681216	0.0	86.01534367453768	79.91743779605879	87.43246862953077	75.3186495497544	53.00808641013241	1123.7488617911622	767.5817927805351	647.6256501867498	940.0001492624458	960.927769806698	798.4994895163478	39.95388367322069	89.71787182777467	268.4881070314233	80.6622301344293
URSIN-PWY	ureide biosynthesis	0.0	0.0	0.0	0.0	0.0	48430.25689983777	57330.9792429693	55551.30074398521	51571.33319598793	24035.167185625865	89.95651261694303	256.90262199567144	168.72961683935668	413.6012843269749	285.9238263842848	0.0	362.4701493449817	0.0	0.0	0.0
VALSYN-PWY	L-valine biosynthesis	6722.393986897514	251.920414913346	65.04597543464288	2501.329088226435	386.7677007008977	47213.61159081856	53049.036765184166	52186.80621021437	47712.27927105059	22905.634656824903	172497.03243160492	132069.19658285176	122183.45734434434	107590.07788902856	74105.75157147516	110068.63344755564	64370.39486327195	133544.50620491718	138615.45679544227	200508.45233830923
